Time,[串口设备2] 线圈1,[串口设备2] 线圈2,[串口设备2] 线圈3,[串口设备2] 线圈4,[TCP_模拟设备1] 温度1,[TCP_模拟设备1] 温度2,[TCP_模拟设备1] 温度3,[TCP_模拟设备1] 温度4,[串口_模拟设备1] 温度1,[串口_模拟设备1] 温度2,[串口_模拟设备1] 温度3,[串口_模拟设备1] 温度4,[串口_模拟设备1] 温度5
	2026-02-12 13:54:46.992,1,0,1,0,1133262,1133256,22.600000381469727,1134690,,,,,
	2026-02-12 13:54:47.989,1,0,1,0,1133264,1133258,22.600000381469727,1134692,,,,,
	2026-02-12 13:54:48.991,1,0,1,0,1133267,1133261,22.600000381469727,1134695,,,,,
	2026-02-12 13:54:49.992,1,0,1,0,1133269,1133263,22.600000381469727,1134697,,,,,
	2026-02-12 13:54:50.992,1,0,1,0,1133270,1133264,22.600000381469727,1134698,,,,,
	2026-02-12 13:54:51.990,1,0,1,0,1133272,1133266,22.600000381469727,1134700,,,,,
	2026-02-12 13:54:52.989,1,0,1,0,1133273,1133267,22.600000381469727,1134701,,,,,
	2026-02-12 13:54:53.991,1,0,1,0,1133275,1133269,22.600000381469727,1134703,,,,,
	2026-02-12 13:54:54.990,1,0,1,0,1133278,1133272,22.600000381469727,1134706,,,,,
	2026-02-12 13:54:55.991,1,0,1,0,1133280,1133274,22.600000381469727,1134708,,,,,
	2026-02-12 13:54:56.990,1,0,1,0,1133281,1133275,22.600000381469727,1134709,,,,,
	2026-02-12 13:54:57.989,1,0,1,0,1133283,1133277,22.600000381469727,1134711,,,,,
	2026-02-12 13:54:58.989,1,0,1,0,1133285,1133279,22.600000381469727,1134713,,,,,
	2026-02-12 13:54:59.989,1,0,1,0,1133288,1133282,22.600000381469727,1134716,,,,,
	2026-02-12 13:55:00.990,1,0,1,0,1133289,1133283,22.600000381469727,1134717,,,,,
	2026-02-12 13:55:01.992,1,0,1,0,1133291,1133285,22.600000381469727,1134719,,,,,
	2026-02-12 13:55:02.991,1,0,1,0,1133293,1133287,22.600000381469727,1134721,,,,,
	2026-02-12 13:55:03.991,1,0,1,0,1133294,1133288,22.600000381469727,1134722,,,,,
	2026-02-12 13:55:04.991,1,0,1,0,1133298,1133292,22.600000381469727,1134726,,,,,
	2026-02-12 13:55:05.989,1,0,1,0,1133299,1133293,22.600000381469727,1134727,,,,,
	2026-02-12 13:55:06.991,1,0,1,0,1133301,1133295,22.600000381469727,1134729,,,,,
	2026-02-12 13:55:07.989,1,0,1,0,1133302,1133296,22.600000381469727,1134730,,,,,
	2026-02-12 13:55:08.989,1,0,1,0,1133304,1133298,22.600000381469727,1134732,,,,,
	2026-02-12 13:55:09.990,1,0,1,0,1133306,1133300,22.600000381469727,1134734,,,,,
	2026-02-12 13:55:10.991,1,0,1,0,1133309,1133303,22.600000381469727,1134737,,,,,
	2026-02-12 13:55:11.989,1,0,1,0,1133309,1133303,22.600000381469727,1134737,,,,,
	2026-02-12 13:55:12.989,1,0,1,0,1133309,1133303,22.600000381469727,1134737,,,,,
	2026-02-12 13:55:13.991,1,0,1,0,1133309,1133303,22.600000381469727,1134737,,,,,
	2026-02-12 13:55:14.990,1,0,1,0,1133313,1133307,22.600000381469727,1134741,,,,,
	2026-02-12 13:55:15.991,1,0,1,0,1133315,1133309,22.600000381469727,1134743,,,,,
	2026-02-12 13:55:16.991,1,0,1,0,1133317,1133311,22.600000381469727,1134745,,,,,
	2026-02-12 13:55:17.990,1,0,1,0,1133318,1133312,22.600000381469727,1134746,,,,,
	2026-02-12 13:55:18.990,1,0,1,0,1133321,1133315,22.600000381469727,1134749,,,,,
	2026-02-12 13:55:19.991,1,0,1,0,1133323,1133317,22.600000381469727,1134751,,,,,
	2026-02-12 13:55:20.990,1,0,1,0,1133325,1133319,22.600000381469727,1134753,,,,,
	2026-02-12 13:55:21.990,1,0,1,0,1133326,1133320,22.600000381469727,1134754,,,,,
	2026-02-12 13:55:22.991,1,0,1,0,1133328,1133322,22.600000381469727,1134756,,,,,
	2026-02-12 13:55:23.991,1,0,1,0,1133330,1133324,22.600000381469727,1134758,,,,,
	2026-02-12 13:55:24.990,1,0,1,0,1133333,1133327,22.600000381469727,1134761,,,,,
	2026-02-12 13:55:25.990,1,0,1,0,1133334,1133328,22.600000381469727,1134762,,,,,
	2026-02-12 13:55:26.989,1,0,1,0,1133336,1133330,22.600000381469727,1134764,,,,,
	2026-02-12 13:55:27.990,1,0,1,0,1133337,1133331,22.600000381469727,1134765,,,,,
	2026-02-12 13:55:28.989,1,0,1,0,1133339,1133333,22.600000381469727,1134767,,,,,
	2026-02-12 13:55:29.990,1,0,1,0,1133342,1133336,22.600000381469727,1134770,,,,,
	2026-02-12 13:55:30.990,1,0,1,0,1133344,1133338,22.600000381469727,1134772,,,,,
	2026-02-12 13:55:31.992,1,0,1,0,1133345,1133339,22.600000381469727,1134773,,,,,
	2026-02-12 13:55:32.989,1,0,1,0,1133347,1133341,22.600000381469727,1134775,,,,,
	2026-02-12 13:55:33.990,1,0,1,0,1133348,1133342,22.600000381469727,1134776,,,,,
	2026-02-12 13:55:34.990,1,0,1,0,1133352,1133346,22.600000381469727,1134780,,,,,
	2026-02-12 13:55:35.990,1,0,1,0,1133353,1133347,22.600000381469727,1134781,,,,,
	2026-02-12 13:55:36.991,1,0,1,0,1133355,1133349,22.600000381469727,1134783,,,,,
	2026-02-12 13:55:37.991,1,0,1,0,1133356,1133350,22.600000381469727,1134784,,,,,
	2026-02-12 13:55:38.989,1,0,1,0,1133358,1133352,22.600000381469727,1134786,,,,,
	2026-02-12 13:55:39.990,1,0,1,0,1133359,1133353,22.600000381469727,1134787,,,,,
	2026-02-12 13:55:40.989,1,0,1,0,1133359,1133353,22.600000381469727,1134787,,,,,
	2026-02-12 13:55:41.990,1,0,1,0,1133359,1133353,22.600000381469727,1134787,,,,,
	2026-02-12 13:55:42.990,1,0,1,0,1133359,1133353,22.600000381469727,1134787,,,,,
	2026-02-12 13:55:43.992,1,0,1,0,1133359,1133353,22.600000381469727,1134787,,,,,
	2026-02-12 13:55:44.990,1,0,1,0,1133359,1133353,22.600000381469727,1134787,,,,,
	2026-02-12 13:55:45.990,1,0,1,0,1133359,1133353,22.600000381469727,1134787,,,,,
	2026-02-12 13:55:46.991,1,0,1,0,1133359,1133353,22.600000381469727,1134787,,,,,
	2026-02-12 13:55:47.992,1,0,1,0,1133368,1133362,22.600000381469727,1134796,,,,,
	2026-02-12 13:55:48.991,1,0,1,0,1133371,1133365,22.600000381469727,1134799,,,,,
	2026-02-12 13:55:49.991,1,0,1,0,1133373,1133367,22.600000381469727,1134801,,,,,
	2026-02-12 13:55:50.990,1,0,1,0,1133374,1133368,22.600000381469727,1134802,,,,,
	2026-02-12 13:55:51.989,1,0,1,0,1133376,1133370,22.600000381469727,1134804,,,,,
	2026-02-12 13:55:52.990,1,0,1,0,1133377,1133371,22.600000381469727,1134805,,,,,
	2026-02-12 13:55:53.989,1,0,1,0,1133379,1133373,22.600000381469727,1134807,,,,,
	2026-02-12 13:55:54.992,1,0,1,0,1133382,1133376,22.600000381469727,1134810,,,,,
	2026-02-12 13:55:55.989,1,0,1,0,1133384,1133378,22.600000381469727,1134812,,,,,
	2026-02-12 13:55:56.992,1,0,1,0,1133386,1133380,22.600000381469727,1134814,,,,,
	2026-02-12 13:55:57.989,1,0,1,0,1133387,1133381,22.600000381469727,1134815,,,,,
	2026-02-12 13:55:58.992,1,0,1,0,1133389,1133383,22.600000381469727,1134817,,,,,
	2026-02-12 13:55:59.989,1,0,1,0,1133392,1133386,22.600000381469727,1134820,,,,,
	2026-02-12 13:56:00.991,1,0,1,0,1133393,1133387,22.600000381469727,1134821,,,,,
	2026-02-12 13:56:01.992,1,0,1,0,1133395,1133389,22.600000381469727,1134823,,,,,
	2026-02-12 13:56:02.989,1,0,1,0,1133397,1133391,22.600000381469727,1134825,,,,,
	2026-02-12 13:56:03.990,1,0,1,0,1133398,1133392,22.600000381469727,1134826,,,,,
	2026-02-12 13:56:04.992,1,0,1,0,1133402,1133396,22.600000381469727,1134830,,,,,
	2026-02-12 13:56:05.991,1,0,1,0,1133403,1133397,22.600000381469727,1134831,,,,,
	2026-02-12 13:56:06.990,1,0,1,0,1133405,1133399,22.600000381469727,1134833,,,,,
	2026-02-12 13:56:07.991,1,0,1,0,1133406,1133400,22.600000381469727,1134834,,,,,
	2026-02-12 13:56:08.989,1,0,1,0,1133409,1133403,22.600000381469727,1134837,,,,,
	2026-02-12 13:56:09.989,1,0,1,0,1133411,1133405,22.600000381469727,1134839,,,,,
	2026-02-12 13:56:10.991,1,0,1,0,1133412,1133406,22.600000381469727,1134840,,,,,
	2026-02-12 13:56:11.990,1,0,1,0,1133414,1133408,22.600000381469727,1134842,,,,,
	2026-02-12 13:56:12.989,1,0,1,0,1133415,1133409,22.600000381469727,1134843,,,,,
	2026-02-12 13:56:13.989,1,0,1,0,1133419,1133413,22.600000381469727,1134847,,,,,
	2026-02-12 13:56:14.990,1,0,1,0,1133420,1133414,22.600000381469727,1134848,,,,,
	2026-02-12 13:56:15.990,1,0,1,0,1133422,1133416,22.600000381469727,1134850,,,,,
	2026-02-12 13:56:16.992,1,0,1,0,1133423,1133417,22.600000381469727,1134851,,,,,
	2026-02-12 13:56:17.990,1,0,1,0,1133425,1133419,22.600000381469727,1134853,,,,,
	2026-02-12 13:56:18.990,1,0,1,0,1133427,1133421,22.600000381469727,1134855,,,,,
	2026-02-12 13:56:19.991,1,0,1,0,1133430,1133424,22.600000381469727,1134858,,,,,
	2026-02-12 13:56:20.989,1,0,1,0,1133431,1133425,22.600000381469727,1134859,,,,,
	2026-02-12 13:56:21.991,1,0,1,0,1133433,1133427,22.600000381469727,1134861,,,,,
	2026-02-12 13:56:22.991,1,0,1,0,1133435,1133429,22.600000381469727,1134863,,,,,
	2026-02-12 13:56:23.990,1,0,1,0,1133436,1133430,22.600000381469727,1134864,,,,,
	2026-02-12 13:56:24.989,1,0,1,0,1133440,1133434,22.600000381469727,1134868,,,,,
	2026-02-12 13:56:25.991,1,0,1,0,1133441,1133435,22.600000381469727,1134869,,,,,
	2026-02-12 13:56:26.990,1,0,1,0,1133443,1133437,22.600000381469727,1134871,,,,,
	2026-02-12 13:56:27.991,1,0,1,0,1133444,1133438,22.600000381469727,1134872,,,,,
	2026-02-12 13:56:28.992,1,0,1,0,1133446,1133440,22.600000381469727,1134874,,,,,
	2026-02-12 13:56:29.990,1,0,1,0,1133449,1133443,22.600000381469727,1134877,,,,,
	2026-02-12 13:56:30.989,1,0,1,0,1133451,1133445,22.600000381469727,1134879,,,,,
	2026-02-12 13:56:31.990,1,0,1,0,1133453,1133447,22.600000381469727,1134881,,,,,
	2026-02-12 13:56:32.992,1,0,1,0,1133454,1133448,22.600000381469727,1134882,,,,,
	2026-02-12 13:56:33.991,1,0,1,0,1133456,1133450,22.600000381469727,1134884,,,,,
	2026-02-12 13:56:34.989,1,0,1,0,1133457,1133451,22.600000381469727,1134885,,,,,
	2026-02-12 13:56:35.990,1,0,1,0,1133461,1133455,22.600000381469727,1134889,,,,,
	2026-02-12 13:56:36.991,1,0,1,0,1133463,1133457,22.600000381469727,1134891,,,,,
	2026-02-12 13:56:37.991,1,0,1,0,1133464,1133458,22.600000381469727,1134892,,,,,
	2026-02-12 13:56:38.991,1,0,1,0,1133466,1133460,22.600000381469727,1134894,,,,,
	2026-02-12 13:56:39.991,1,0,1,0,1133467,1133461,22.600000381469727,1134895,,,,,
	2026-02-12 13:56:40.990,1,0,1,0,1133469,1133463,22.600000381469727,1134897,,,,,
	2026-02-12 13:56:41.990,1,0,1,0,1133472,1133466,22.600000381469727,1134900,,,,,
	2026-02-12 13:56:42.991,1,0,1,0,1133474,1133468,22.600000381469727,1134902,,,,,
	2026-02-12 13:56:43.992,1,0,1,0,1133475,1133469,22.600000381469727,1134903,,,,,
	2026-02-12 13:56:44.991,1,0,1,0,1133477,1133471,22.600000381469727,1134905,,,,,
	2026-02-12 13:56:45.991,1,0,1,0,1133478,1133472,22.600000381469727,1134906,,,,,
	2026-02-12 13:56:46.989,1,0,1,0,1133482,1133476,22.600000381469727,1134910,,,,,
	2026-02-12 13:56:47.991,1,0,1,0,1133483,1133477,22.600000381469727,1134911,,,,,
	2026-02-12 13:56:48.990,1,0,1,0,1133485,1133479,22.600000381469727,1134913,,,,,
	2026-02-12 13:56:49.990,1,0,1,0,1133486,1133480,22.600000381469727,1134914,,,,,
	2026-02-12 13:56:50.990,1,0,1,0,1133488,1133482,22.600000381469727,1134916,,,,,
	2026-02-12 13:56:51.989,1,0,1,0,1133490,1133484,22.600000381469727,1134918,,,,,
	2026-02-12 13:56:52.989,1,0,1,0,1133493,1133487,22.600000381469727,1134921,,,,,
	2026-02-12 13:56:53.990,1,0,1,0,1133495,1133489,22.600000381469727,1134923,,,,,
	2026-02-12 13:56:54.991,1,0,1,0,1133496,1133490,22.600000381469727,1134924,,,,,
	2026-02-12 13:56:55.992,1,0,1,0,1133498,1133492,22.600000381469727,1134926,,,,,
	2026-02-12 13:56:56.989,1,0,1,0,1133500,1133494,22.600000381469727,1134928,,,,,
	2026-02-12 13:56:57.989,1,0,1,0,1133501,1133495,22.600000381469727,1134929,,,,,
	2026-02-12 13:56:58.989,1,0,1,0,1133504,1133498,22.600000381469727,1134932,,,,,
	2026-02-12 13:56:59.990,1,0,1,0,1133506,1133500,22.600000381469727,1134934,,,,,
	2026-02-12 13:57:00.991,1,0,1,0,1133508,1133502,22.600000381469727,1134936,,,,,
	2026-02-12 13:57:01.992,1,0,1,0,1133509,1133503,22.600000381469727,1134937,,,,,
	2026-02-12 13:57:02.989,1,0,1,0,1133511,1133505,22.600000381469727,1134939,,,,,
	2026-02-12 13:57:03.989,1,0,1,0,1133514,1133508,22.600000381469727,1134942,,,,,
	2026-02-12 13:57:04.989,1,0,1,0,1133516,1133510,22.600000381469727,1134944,,,,,
	2026-02-12 13:57:05.989,1,0,1,0,1133517,1133511,22.600000381469727,1134945,,,,,
	2026-02-12 13:57:06.991,1,0,1,0,1133519,1133513,22.600000381469727,1134947,,,,,
	2026-02-12 13:57:07.989,1,0,1,0,1133521,1133515,22.600000381469727,1134949,,,,,
	2026-02-12 13:57:08.991,1,0,1,0,1133522,1133516,22.600000381469727,1134950,,,,,
	2026-02-12 13:57:09.990,1,0,1,0,1133526,1133520,22.600000381469727,1134954,,,,,
	2026-02-12 13:57:10.989,1,0,1,0,1133527,1133521,22.600000381469727,1134955,,,,,
	2026-02-12 13:57:11.989,1,0,1,0,1133529,1133523,22.600000381469727,1134957,,,,,
	2026-02-12 13:57:12.989,1,0,1,0,1133530,1133524,22.600000381469727,1134958,,,,,
	2026-02-12 13:57:13.989,1,0,1,0,1133532,1133526,22.600000381469727,1134960,,,,,
	2026-02-12 13:57:14.990,1,0,1,0,1133535,1133529,22.600000381469727,1134963,,,,,
	2026-02-12 13:57:15.989,1,0,1,0,1133537,1133531,22.600000381469727,1134965,,,,,
	2026-02-12 13:57:16.989,1,0,1,0,1133538,1133532,22.600000381469727,1134966,,,,,
	2026-02-12 13:57:17.989,1,0,1,0,1133540,1133534,22.600000381469727,1134968,,,,,
	2026-02-12 13:57:18.991,1,0,1,0,1133542,1133536,22.600000381469727,1134970,,,,,
	2026-02-12 13:57:19.992,1,0,1,0,1133543,1133537,22.600000381469727,1134971,,,,,
	2026-02-12 13:57:20.990,1,0,1,0,1133547,1133541,22.600000381469727,1134975,,,,,
	2026-02-12 13:57:21.990,1,0,1,0,1133548,1133542,22.600000381469727,1134976,,,,,
	2026-02-12 13:57:22.989,1,0,1,0,1133550,1133544,22.600000381469727,1134978,,,,,
	2026-02-12 13:57:23.990,1,0,1,0,1133552,1133546,22.600000381469727,1134980,,,,,
	2026-02-12 13:57:24.991,1,0,1,0,1133553,1133547,22.600000381469727,1134981,,,,,
	2026-02-12 13:57:25.991,1,0,1,0,1133555,1133549,22.600000381469727,1134983,,,,,
	2026-02-12 13:57:26.989,1,0,1,0,1133557,1133551,22.600000381469727,1134985,,,,,
	2026-02-12 13:57:27.991,1,0,1,0,1133560,1133554,22.600000381469727,1134988,,,,,
	2026-02-12 13:57:28.992,1,0,1,0,1133562,1133556,22.600000381469727,1134990,,,,,
	2026-02-12 13:57:29.991,1,0,1,0,1133563,1133557,22.600000381469727,1134991,,,,,
	2026-02-12 13:57:30.991,1,0,1,0,1133565,1133559,22.600000381469727,1134993,,,,,
	2026-02-12 13:57:31.992,1,0,1,0,1133566,1133560,22.600000381469727,1134994,,,,,
	2026-02-12 13:57:32.991,1,0,1,0,1133570,1133564,22.600000381469727,1134998,,,,,
	2026-02-12 13:57:33.990,1,0,1,0,1133571,1133565,22.600000381469727,1134999,,,,,
	2026-02-12 13:57:34.989,1,0,1,0,1133573,1133567,22.600000381469727,1135001,,,,,
	2026-02-12 13:57:35.991,1,0,1,0,1133574,1133568,22.600000381469727,1135002,,,,,
	2026-02-12 13:57:36.994,1,0,1,0,1133576,1133570,22.600000381469727,1135004,,,,,
	2026-02-12 13:57:37.989,1,0,1,0,1133579,1133573,22.600000381469727,1135007,,,,,
	2026-02-12 13:57:38.993,1,0,1,0,1133581,1133575,22.600000381469727,1135009,,,,,
	2026-02-12 13:57:39.990,1,0,1,0,1133583,1133577,22.600000381469727,1135011,,,,,
	2026-02-12 13:57:40.991,1,0,1,0,1133584,1133578,22.600000381469727,1135012,,,,,
	2026-02-12 13:57:41.990,1,0,1,0,1133586,1133580,22.600000381469727,1135014,,,,,
	2026-02-12 13:57:42.991,1,0,1,0,1133587,1133581,22.600000381469727,1135015,,,,,
	2026-02-12 13:57:43.994,1,0,1,0,1133591,1133585,22.600000381469727,1135019,,,,,
	2026-02-12 13:57:44.990,1,0,1,0,1133592,1133586,22.600000381469727,1135020,,,,,
	2026-02-12 13:57:45.990,1,0,1,0,1133594,1133588,22.600000381469727,1135022,,,,,
	2026-02-12 13:57:46.989,1,0,1,0,1133595,1133589,22.600000381469727,1135023,,,,,
	2026-02-12 13:57:47.990,1,0,1,0,1133597,1133591,22.600000381469727,1135025,,,,,
	2026-02-12 13:57:48.989,1,0,1,0,1133600,1133594,22.600000381469727,1135028,,,,,
	2026-02-12 13:57:49.989,1,0,1,0,1133602,1133596,22.600000381469727,1135030,,,,,
	2026-02-12 13:57:50.990,1,0,1,0,1133603,1133597,22.600000381469727,1135031,,,,,
	2026-02-12 13:57:51.991,1,0,1,0,1133605,1133599,22.600000381469727,1135033,,,,,
	2026-02-12 13:57:52.989,1,0,1,0,1133607,1133601,22.600000381469727,1135035,,,,,
	2026-02-12 13:57:53.991,1,0,1,0,1133608,1133602,22.600000381469727,1135036,,,,,
	2026-02-12 13:57:54.991,1,0,1,0,1133612,1133606,22.600000381469727,1135040,,,,,
	2026-02-12 13:57:55.994,1,0,1,0,1133613,1133607,22.600000381469727,1135041,,,,,
	2026-02-12 13:57:56.989,1,0,1,0,1133615,1133609,22.600000381469727,1135043,,,,,
	2026-02-12 13:57:57.990,1,0,1,0,1133616,1133610,22.600000381469727,1135044,,,,,
	2026-02-12 13:57:58.991,1,0,1,0,1133618,1133612,22.600000381469727,1135046,,,,,
	2026-02-12 13:57:59.989,1,0,1,0,1133620,1133614,22.600000381469727,1135048,,,,,
	2026-02-12 13:58:00.991,1,0,1,0,1133623,1133617,22.600000381469727,1135051,,,,,
	2026-02-12 13:58:01.992,1,0,1,0,1133625,1133619,22.600000381469727,1135053,,,,,
	2026-02-12 13:58:02.991,1,0,1,0,1133626,1133620,22.600000381469727,1135054,,,,,
	2026-02-12 13:58:03.990,1,0,1,0,1133628,1133622,22.600000381469727,1135056,,,,,
	2026-02-12 13:58:04.991,1,0,1,0,1133630,1133624,22.600000381469727,1135058,,,,,
	2026-02-12 13:58:05.989,1,0,1,0,1133631,1133625,22.600000381469727,1135059,,,,,
	2026-02-12 13:58:06.990,1,0,1,0,1133635,1133629,22.600000381469727,1135063,,,,,
	2026-02-12 13:58:07.991,1,0,1,0,1133636,1133630,22.600000381469727,1135064,,,,,
	2026-02-12 13:58:08.990,1,0,1,0,1133638,1133632,22.600000381469727,1135066,,,,,
	2026-02-12 13:58:09.990,1,0,1,0,1133640,1133634,22.600000381469727,1135068,,,,,
	2026-02-12 13:58:10.989,1,0,1,0,1133641,1133635,22.600000381469727,1135069,,,,,
	2026-02-12 13:58:11.991,1,0,1,0,1133643,1133637,22.600000381469727,1135071,,,,,
	2026-02-12 13:58:12.990,1,0,1,0,1133646,1133640,22.600000381469727,1135074,,,,,
	2026-02-12 13:58:13.992,1,0,1,0,1133648,1133642,22.600000381469727,1135076,,,,,
	2026-02-12 13:58:14.990,1,0,1,0,1133649,1133643,22.600000381469727,1135077,,,,,
	2026-02-12 13:58:15.991,1,0,1,0,1133651,1133645,22.600000381469727,1135079,,,,,
	2026-02-12 13:58:16.991,1,0,1,0,1133653,1133647,22.600000381469727,1135081,,,,,
	2026-02-12 13:58:17.989,1,0,1,0,1133654,1133648,22.600000381469727,1135082,,,,,
	2026-02-12 13:58:18.990,1,0,1,0,1133658,1133652,22.600000381469727,1135086,,,,,
	2026-02-12 13:58:19.989,1,0,1,0,1133659,1133653,22.600000381469727,1135087,,,,,
	2026-02-12 13:58:20.989,1,0,1,0,1133661,1133655,22.600000381469727,1135089,,,,,
	2026-02-12 13:58:21.989,1,0,1,0,1133662,1133656,22.600000381469727,1135090,,,,,
	2026-02-12 13:58:22.992,1,0,1,0,1133664,1133658,22.600000381469727,1135092,,,,,
	2026-02-12 13:58:23.991,1,0,1,0,1133666,1133660,22.600000381469727,1135094,,,,,
	2026-02-12 13:58:24.991,1,0,1,0,1133669,1133663,22.600000381469727,1135097,,,,,
	2026-02-12 13:58:25.991,1,0,1,0,1133670,1133664,22.600000381469727,1135098,,,,,
	2026-02-12 13:58:26.990,1,0,1,0,1133672,1133666,22.600000381469727,1135100,,,,,
	2026-02-12 13:58:27.989,1,0,1,0,1133674,1133668,22.600000381469727,1135102,,,,,
	2026-02-12 13:58:28.990,1,0,1,0,1133675,1133669,22.600000381469727,1135103,,,,,
	2026-02-12 13:58:29.990,1,0,1,0,1133677,1133671,22.600000381469727,1135105,,,,,
	2026-02-12 13:58:30.991,1,0,1,0,1133680,1133674,22.600000381469727,1135108,,,,,
	2026-02-12 13:58:31.991,1,0,1,0,1133682,1133676,22.600000381469727,1135110,,,,,
	2026-02-12 13:58:32.991,1,0,1,0,1133683,1133677,22.600000381469727,1135111,,,,,
	2026-02-12 13:58:33.989,1,0,1,0,1133685,1133679,22.600000381469727,1135113,,,,,
	2026-02-12 13:58:34.989,1,0,1,0,1133687,1133681,22.600000381469727,1135115,,,,,
	2026-02-12 13:58:35.990,1,0,1,0,1133688,1133682,22.600000381469727,1135116,,,,,
	2026-02-12 13:58:36.990,1,0,1,0,1133692,1133686,22.600000381469727,1135120,,,,,
	2026-02-12 13:58:37.991,1,0,1,0,1133693,1133687,22.600000381469727,1135121,,,,,
	2026-02-12 13:58:38.989,1,0,1,0,1133695,1133689,22.600000381469727,1135123,,,,,
	2026-02-12 13:58:39.990,1,0,1,0,1133696,1133690,22.600000381469727,1135124,,,,,
	2026-02-12 13:58:40.991,1,0,1,0,1133698,1133692,22.600000381469727,1135126,,,,,
	2026-02-12 13:58:41.989,1,0,1,0,1133701,1133695,22.600000381469727,1135129,,,,,
	2026-02-12 13:58:42.991,1,0,1,0,1133703,1133697,22.600000381469727,1135131,,,,,
	2026-02-12 13:58:43.989,1,0,1,0,1133705,1133699,22.600000381469727,1135133,,,,,
	2026-02-12 13:58:44.990,1,0,1,0,1133706,1133700,22.600000381469727,1135134,,,,,
	2026-02-12 13:58:45.991,1,0,1,0,1133708,1133702,22.600000381469727,1135136,,,,,
	2026-02-12 13:58:46.991,1,0,1,0,1133711,1133705,22.600000381469727,1135139,,,,,
	2026-02-12 13:58:47.990,1,0,1,0,1133713,1133707,22.600000381469727,1135141,,,,,
	2026-02-12 13:58:48.989,1,0,1,0,1133714,1133708,22.600000381469727,1135142,,,,,
	2026-02-12 13:58:49.990,1,0,1,0,1133716,1133710,22.600000381469727,1135144,,,,,
	2026-02-12 13:58:50.989,1,0,1,0,1133718,1133712,22.600000381469727,1135146,,,,,
	2026-02-12 13:58:51.991,1,0,1,0,1133719,1133713,22.600000381469727,1135147,,,,,
	2026-02-12 13:58:52.991,1,0,1,0,1133723,1133717,22.600000381469727,1135151,,,,,
	2026-02-12 13:58:53.991,1,0,1,0,1133724,1133718,22.600000381469727,1135152,,,,,
	2026-02-12 13:58:54.991,1,0,1,0,1133726,1133720,22.600000381469727,1135154,,,,,
	2026-02-12 13:58:55.992,1,0,1,0,1133728,1133722,22.600000381469727,1135156,,,,,
	2026-02-12 13:58:56.990,1,0,1,0,1133729,1133723,22.600000381469727,1135157,,,,,
	2026-02-12 13:58:57.991,1,0,1,0,1133731,1133725,22.600000381469727,1135159,,,,,
	2026-02-12 13:58:58.991,1,0,1,0,1133734,1133728,22.600000381469727,1135162,,,,,
	2026-02-12 13:58:59.990,1,0,1,0,1133736,1133730,22.600000381469727,1135164,,,,,
	2026-02-12 13:59:00.990,1,0,1,0,1133737,1133731,22.600000381469727,1135165,,,,,
	2026-02-12 13:59:01.991,1,0,1,0,1133739,1133733,22.600000381469727,1135167,,,,,
	2026-02-12 13:59:02.990,1,0,1,0,1133740,1133734,22.600000381469727,1135168,,,,,
	2026-02-12 13:59:03.991,1,0,1,0,1133743,1133737,22.600000381469727,1135171,,,,,
	2026-02-12 13:59:04.992,1,0,1,0,1133745,1133739,22.600000381469727,1135173,,,,,
	2026-02-12 13:59:05.991,1,0,1,0,1133747,1133741,22.600000381469727,1135175,,,,,
	2026-02-12 13:59:06.991,1,0,1,0,1133748,1133742,22.600000381469727,1135176,,,,,
	2026-02-12 13:59:07.990,1,0,1,0,1133750,1133744,22.600000381469727,1135178,,,,,
	2026-02-12 13:59:08.989,1,0,1,0,1133752,1133746,22.600000381469727,1135180,,,,,
	2026-02-12 13:59:09.990,1,0,1,0,1133755,1133749,22.600000381469727,1135183,,,,,
	2026-02-12 13:59:10.992,1,0,1,0,1133756,1133750,22.600000381469727,1135184,,,,,
	2026-02-12 13:59:11.990,1,0,1,0,1133758,1133752,22.600000381469727,1135186,,,,,
	2026-02-12 13:59:12.989,1,0,1,0,1133760,1133754,22.600000381469727,1135188,,,,,
	2026-02-12 13:59:13.989,1,0,1,0,1133761,1133755,22.600000381469727,1135189,,,,,
	2026-02-12 13:59:14.991,1,0,1,0,1133763,1133757,22.600000381469727,1135191,,,,,
	2026-02-12 13:59:15.990,1,0,1,0,1133766,1133760,22.600000381469727,1135194,,,,,
	2026-02-12 13:59:16.990,1,0,1,0,1133768,1133762,22.600000381469727,1135196,,,,,
	2026-02-12 13:59:17.990,1,0,1,0,1133769,1133763,22.600000381469727,1135197,,,,,
	2026-02-12 13:59:18.989,1,0,1,0,1133771,1133765,22.600000381469727,1135199,,,,,
	2026-02-12 13:59:19.991,1,0,1,0,1133772,1133766,22.600000381469727,1135200,,,,,
	2026-02-12 13:59:20.990,1,0,1,0,1133776,1133770,22.600000381469727,1135204,,,,,
	2026-02-12 13:59:21.990,1,0,1,0,1133777,1133771,22.600000381469727,1135205,,,,,
	2026-02-12 13:59:22.991,1,0,1,0,1133779,1133773,22.600000381469727,1135207,,,,,
	2026-02-12 13:59:23.989,1,0,1,0,1133780,1133774,22.600000381469727,1135208,,,,,
	2026-02-12 13:59:24.991,1,0,1,0,1133782,1133776,22.600000381469727,1135210,,,,,
	2026-02-12 13:59:25.989,1,0,1,0,1133785,1133779,22.600000381469727,1135213,,,,,
	2026-02-12 13:59:26.990,1,0,1,0,1133787,1133781,22.600000381469727,1135215,,,,,
	2026-02-12 13:59:27.989,1,0,1,0,1133789,1133783,22.600000381469727,1135217,,,,,
	2026-02-12 13:59:28.991,1,0,1,0,1133790,1133784,22.600000381469727,1135218,,,,,
	2026-02-12 13:59:29.990,1,0,1,0,1133792,1133786,22.600000381469727,1135220,,,,,
	2026-02-12 13:59:30.990,1,0,1,0,1133793,1133787,22.600000381469727,1135221,,,,,
	2026-02-12 13:59:31.992,1,0,1,0,1133797,1133791,22.600000381469727,1135225,,,,,
	2026-02-12 13:59:32.993,1,0,1,0,1133798,1133792,22.600000381469727,1135226,,,,,
	2026-02-12 13:59:33.990,1,0,1,0,1133800,1133794,22.600000381469727,1135228,,,,,
	2026-02-12 13:59:34.989,1,0,1,0,1133801,1133795,22.600000381469727,1135229,,,,,
	2026-02-12 13:59:35.991,1,0,1,0,1133804,1133798,22.600000381469727,1135232,,,,,
	2026-02-12 13:59:36.989,1,0,1,0,1133806,1133800,22.600000381469727,1135234,,,,,
	2026-02-12 13:59:37.992,1,0,1,0,1133808,1133802,22.600000381469727,1135236,,,,,
	2026-02-12 13:59:38.989,1,0,1,0,1133809,1133803,22.600000381469727,1135237,,,,,
	2026-02-12 13:59:39.989,1,0,1,0,1133811,1133805,22.600000381469727,1135239,,,,,
	2026-02-12 13:59:40.990,1,0,1,0,1133813,1133807,22.600000381469727,1135241,,,,,
	2026-02-12 13:59:41.990,1,0,1,0,1133816,1133810,22.600000381469727,1135244,,,,,
	2026-02-12 13:59:42.991,1,0,1,0,1133817,1133811,22.600000381469727,1135245,,,,,
	2026-02-12 13:59:43.989,1,0,1,0,1133819,1133813,22.600000381469727,1135247,,,,,
	2026-02-12 13:59:44.990,1,0,1,0,1133821,1133815,22.600000381469727,1135249,,,,,
	2026-02-12 13:59:45.990,1,0,1,0,1133822,1133816,22.600000381469727,1135250,,,,,
	2026-02-12 13:59:46.989,1,0,1,0,1133825,1133819,22.600000381469727,1135253,,,,,
	2026-02-12 13:59:47.991,1,0,1,0,1133827,1133821,22.600000381469727,1135255,,,,,
	2026-02-12 13:59:48.990,1,0,1,0,1133829,1133823,22.600000381469727,1135257,,,,,
	2026-02-12 13:59:49.992,1,0,1,0,1133830,1133824,22.600000381469727,1135258,,,,,
	2026-02-12 13:59:50.989,1,0,1,0,1133832,1133826,22.600000381469727,1135260,,,,,
	2026-02-12 13:59:51.991,1,0,1,0,1133834,1133828,22.600000381469727,1135262,,,,,
	2026-02-12 13:59:52.989,1,0,1,0,1133837,1133831,22.600000381469727,1135265,,,,,
	2026-02-12 13:59:53.990,1,0,1,0,1133839,1133833,22.600000381469727,1135267,,,,,
	2026-02-12 13:59:54.991,1,0,1,0,1133840,1133834,22.600000381469727,1135268,,,,,
	2026-02-12 13:59:55.992,1,0,1,0,1133842,1133836,22.600000381469727,1135270,,,,,
	2026-02-12 13:59:56.991,1,0,1,0,1133844,1133838,22.600000381469727,1135272,,,,,
	2026-02-12 13:59:57.991,1,0,1,0,1133845,1133839,22.600000381469727,1135273,,,,,
	2026-02-12 13:59:58.989,1,0,1,0,1133847,1133841,22.600000381469727,1135275,,,,,
	2026-02-12 13:59:59.992,1,0,1,0,1133850,1133844,22.600000381469727,1135278,,,,,
	2026-02-12 14:00:00.991,1,0,1,0,1133852,1133846,22.600000381469727,1135280,,,,,
	2026-02-12 14:00:01.992,1,0,1,0,1133854,1133848,22.600000381469727,1135282,,,,,
	2026-02-12 14:00:02.989,1,0,1,0,1133855,1133849,22.600000381469727,1135283,,,,,
	2026-02-12 14:00:03.990,1,0,1,0,1133857,1133851,22.600000381469727,1135285,,,,,
	2026-02-12 14:00:04.991,1,0,1,0,1133859,1133853,22.600000381469727,1135287,,,,,
	2026-02-12 14:00:05.992,1,0,1,0,1133862,1133856,22.600000381469727,1135290,,,,,
	2026-02-12 14:00:06.991,1,0,1,0,1133864,1133858,22.600000381469727,1135292,,,,,
	2026-02-12 14:00:07.989,1,0,1,0,1133865,1133859,22.600000381469727,1135293,,,,,
	2026-02-12 14:00:08.991,1,0,1,0,1133867,1133861,22.600000381469727,1135295,,,,,
	2026-02-12 14:00:09.990,1,0,1,0,1133868,1133862,22.600000381469727,1135296,,,,,
	2026-02-12 14:00:10.991,1,0,1,0,1133872,1133866,22.600000381469727,1135300,,,,,
	2026-02-12 14:00:11.989,1,0,1,0,1133873,1133867,22.600000381469727,1135301,,,,,
	2026-02-12 14:00:12.991,1,0,1,0,1133875,1133869,22.600000381469727,1135303,,,,,
	2026-02-12 14:00:13.991,1,0,1,0,1133876,1133870,22.600000381469727,1135304,,,,,
	2026-02-12 14:00:14.990,1,0,1,0,1133878,1133872,22.600000381469727,1135306,,,,,
	2026-02-12 14:00:15.989,1,0,1,0,1133880,1133874,22.600000381469727,1135308,,,,,
	2026-02-12 14:00:16.989,1,0,1,0,1133883,1133877,22.600000381469727,1135311,,,,,
	2026-02-12 14:00:17.991,1,0,1,0,1133884,1133878,22.600000381469727,1135312,,,,,
	2026-02-12 14:00:18.991,1,0,1,0,1133886,1133880,22.600000381469727,1135314,,,,,
	2026-02-12 14:00:19.989,1,0,1,0,1133887,1133881,22.600000381469727,1135315,,,,,
	2026-02-12 14:00:20.989,1,0,1,0,1133890,1133884,22.600000381469727,1135318,,,,,
	2026-02-12 14:00:21.989,1,0,1,0,1133892,1133886,22.600000381469727,1135320,,,,,
	2026-02-12 14:00:22.991,1,0,1,0,1133894,1133888,22.600000381469727,1135322,,,,,
	2026-02-12 14:00:23.990,1,0,1,0,1133895,1133889,22.600000381469727,1135323,,,,,
	2026-02-12 14:00:24.990,1,0,1,0,1133897,1133891,22.600000381469727,1135325,,,,,
	2026-02-12 14:00:25.991,1,0,1,0,1133900,1133894,22.600000381469727,1135328,,,,,
	2026-02-12 14:00:26.990,1,0,1,0,1133901,1133895,22.600000381469727,1135329,,,,,
	2026-02-12 14:00:27.991,1,0,1,0,1133903,1133897,22.600000381469727,1135331,,,,,
	2026-02-12 14:00:28.989,1,0,1,0,1133905,1133899,22.600000381469727,1135333,,,,,
	2026-02-12 14:00:29.991,1,0,1,0,1133906,1133900,22.600000381469727,1135334,,,,,
	2026-02-12 14:00:30.991,1,0,1,0,1133909,1133903,22.600000381469727,1135337,,,,,
	2026-02-12 14:00:31.992,1,0,1,0,1133911,1133905,22.600000381469727,1135339,,,,,
	2026-02-12 14:00:32.989,1,0,1,0,1133912,1133906,22.600000381469727,1135340,,,,,
	2026-02-12 14:00:33.990,1,0,1,0,1133914,1133908,22.600000381469727,1135342,,,,,
	2026-02-12 14:00:34.989,1,0,1,0,1133917,1133911,22.600000381469727,1135345,,,,,
	2026-02-12 14:00:35.991,1,0,1,0,1133918,1133912,22.600000381469727,1135346,,,,,
	2026-02-12 14:00:36.991,1,0,1,0,1133920,1133914,22.600000381469727,1135348,,,,,
	2026-02-12 14:00:37.992,1,0,1,0,1133922,1133916,22.600000381469727,1135350,,,,,
	2026-02-12 14:00:38.990,1,0,1,0,1133923,1133917,22.600000381469727,1135351,,,,,
	2026-02-12 14:00:39.991,1,0,1,0,1133926,1133920,22.600000381469727,1135354,,,,,
	2026-02-12 14:00:40.991,1,0,1,0,1133928,1133922,22.600000381469727,1135356,,,,,
	2026-02-12 14:00:41.989,1,0,1,0,1133929,1133923,22.600000381469727,1135357,,,,,
	2026-02-12 14:00:42.989,1,0,1,0,1133931,1133925,22.600000381469727,1135359,,,,,
	2026-02-12 14:00:43.989,1,0,1,0,1133934,1133928,22.600000381469727,1135362,,,,,
	2026-02-12 14:00:44.990,1,0,1,0,1133935,1133929,22.600000381469727,1135363,,,,,
	2026-02-12 14:00:45.989,1,0,1,0,1133937,1133931,22.600000381469727,1135365,,,,,
	2026-02-12 14:00:46.991,1,0,1,0,1133939,1133933,22.600000381469727,1135367,,,,,
	2026-02-12 14:00:47.990,1,0,1,0,1133940,1133934,22.600000381469727,1135368,,,,,
	2026-02-12 14:00:48.989,1,0,1,0,1133944,1133938,22.600000381469727,1135372,,,,,
	2026-02-12 14:00:49.991,1,0,1,0,1133945,1133939,22.600000381469727,1135373,,,,,
	2026-02-12 14:00:50.991,1,0,1,0,1133947,1133941,22.600000381469727,1135375,,,,,
	2026-02-12 14:00:51.991,1,0,1,0,1133949,1133943,22.600000381469727,1135377,,,,,
	2026-02-12 14:00:52.991,1,0,1,0,1133950,1133944,22.600000381469727,1135378,,,,,
	2026-02-12 14:00:53.990,1,0,1,0,1133952,1133946,22.600000381469727,1135380,,,,,
	2026-02-12 14:00:54.990,1,0,1,0,1133955,1133949,22.600000381469727,1135383,,,,,
	2026-02-12 14:00:55.989,1,0,1,0,1133956,1133950,22.600000381469727,1135384,,,,,
	2026-02-12 14:00:56.989,1,0,1,0,1133958,1133952,22.600000381469727,1135386,,,,,
	2026-02-12 14:00:57.991,1,0,1,0,1133960,1133954,22.600000381469727,1135388,,,,,
	2026-02-12 14:00:58.992,1,0,1,0,1133963,1133957,22.600000381469727,1135391,,,,,
	2026-02-12 14:00:59.991,1,0,1,0,1133964,1133958,22.600000381469727,1135392,,,,,
	2026-02-12 14:01:00.991,1,0,1,0,1133966,1133960,22.600000381469727,1135394,,,,,
	2026-02-12 14:01:01.990,1,0,1,0,1133968,1133962,22.600000381469727,1135396,,,,,
	2026-02-12 14:01:02.992,1,0,1,0,1133969,1133963,22.600000381469727,1135397,,,,,
	2026-02-12 14:01:03.991,1,0,1,0,1133971,1133965,22.600000381469727,1135399,,,,,
	2026-02-12 14:01:04.991,1,0,1,0,1133974,1133968,22.600000381469727,1135402,,,,,
	2026-02-12 14:01:05.990,1,0,1,0,1133976,1133970,22.600000381469727,1135404,,,,,
	2026-02-12 14:01:06.989,1,0,1,0,1133977,1133971,22.600000381469727,1135405,,,,,
	2026-02-12 14:01:07.991,1,0,1,0,1133979,1133973,22.600000381469727,1135407,,,,,
	2026-02-12 14:01:08.990,1,0,1,0,1133981,1133975,22.600000381469727,1135409,,,,,
	2026-02-12 14:01:09.991,1,0,1,0,1133982,1133976,22.600000381469727,1135410,,,,,
	2026-02-12 14:01:10.992,1,0,1,0,1133986,1133980,22.600000381469727,1135414,,,,,
	2026-02-12 14:01:11.991,1,0,1,0,1133987,1133981,22.600000381469727,1135415,,,,,
	2026-02-12 14:01:12.989,1,0,1,0,1133989,1133983,22.600000381469727,1135417,,,,,
	2026-02-12 14:01:13.989,1,0,1,0,1133991,1133985,22.600000381469727,1135419,,,,,
	2026-02-12 14:01:14.989,1,0,1,0,1133992,1133986,22.600000381469727,1135420,,,,,
	2026-02-12 14:01:15.991,1,0,1,0,1133995,1133989,22.600000381469727,1135423,,,,,
	2026-02-12 14:01:16.991,1,0,1,0,1133997,1133991,22.600000381469727,1135425,,,,,
	2026-02-12 14:01:17.989,1,0,1,0,1133999,1133993,22.600000381469727,1135427,,,,,
	2026-02-12 14:01:18.989,1,0,1,0,1134000,1133994,22.600000381469727,1135428,,,,,
	2026-02-12 14:01:19.989,1,0,1,0,1134002,1133996,22.600000381469727,1135430,,,,,
	2026-02-12 14:01:20.990,1,0,1,0,1134004,1133998,22.600000381469727,1135432,,,,,
	2026-02-12 14:01:21.990,1,0,1,0,1134007,1134001,22.600000381469727,1135435,,,,,
	2026-02-12 14:01:22.989,1,0,1,0,1134009,1134003,22.600000381469727,1135437,,,,,
	2026-02-12 14:01:23.989,1,0,1,0,1134010,1134004,22.600000381469727,1135438,,,,,
	2026-02-12 14:01:24.989,1,0,1,0,1134012,1134006,22.600000381469727,1135440,,,,,
	2026-02-12 14:01:25.992,1,0,1,0,1134014,1134008,22.600000381469727,1135442,,,,,
	2026-02-12 14:01:26.991,1,0,1,0,1134015,1134009,22.600000381469727,1135443,,,,,
	2026-02-12 14:01:27.990,1,0,1,0,1134019,1134013,22.600000381469727,1135447,,,,,
	2026-02-12 14:01:28.989,1,0,1,0,1134020,1134014,22.600000381469727,1135448,,,,,
	2026-02-12 14:01:29.992,1,0,1,0,1134022,1134016,22.600000381469727,1135450,,,,,
	2026-02-12 14:01:30.989,1,0,1,0,1134023,1134017,22.600000381469727,1135451,,,,,
	2026-02-12 14:01:31.991,1,0,1,0,1134025,1134019,22.600000381469727,1135453,,,,,
	2026-02-12 14:01:32.991,1,0,1,0,1134026,1134020,22.600000381469727,1135454,,,,,
	2026-02-12 14:01:33.991,1,0,1,0,1134030,1134024,22.600000381469727,1135458,,,,,
	2026-02-12 14:01:34.991,1,0,1,0,1134031,1134025,22.600000381469727,1135459,,,,,
	2026-02-12 14:01:35.990,1,0,1,0,1134033,1134027,22.600000381469727,1135461,,,,,
	2026-02-12 14:01:36.989,1,0,1,0,1134034,1134028,22.600000381469727,1135462,,,,,
	2026-02-12 14:01:37.990,1,0,1,0,1134037,1134031,22.600000381469727,1135465,,,,,
	2026-02-12 14:01:38.990,1,0,1,0,1134039,1134033,22.600000381469727,1135467,,,,,
	2026-02-12 14:01:39.991,1,0,1,0,1134041,1134035,22.600000381469727,1135469,,,,,
	2026-02-12 14:01:40.991,1,0,1,0,1134042,1134036,22.600000381469727,1135470,,,,,
	2026-02-12 14:01:41.990,1,0,1,0,1134044,1134038,22.600000381469727,1135472,,,,,
	2026-02-12 14:01:42.990,1,0,1,0,1134046,1134040,22.600000381469727,1135474,,,,,
	2026-02-12 14:01:43.990,1,0,1,0,1134049,1134043,22.600000381469727,1135477,,,,,
	2026-02-12 14:01:44.992,1,0,1,0,1134051,1134045,22.600000381469727,1135479,,,,,
	2026-02-12 14:01:45.990,1,0,1,0,1134052,1134046,22.600000381469727,1135480,,,,,
	2026-02-12 14:01:46.992,1,0,1,0,1134054,1134048,22.600000381469727,1135482,,,,,
	2026-02-12 14:01:47.992,1,0,1,0,1134056,1134050,22.600000381469727,1135484,,,,,
	2026-02-12 14:01:48.989,1,0,1,0,1134057,1134051,22.600000381469727,1135485,,,,,
	2026-02-12 14:01:49.991,1,0,1,0,1134059,1134053,22.600000381469727,1135487,,,,,
	2026-02-12 14:01:50.990,1,0,1,0,1134062,1134056,22.600000381469727,1135490,,,,,
	2026-02-12 14:01:51.989,1,0,1,0,1134064,1134058,22.600000381469727,1135492,,,,,
	2026-02-12 14:01:52.991,1,0,1,0,1134066,1134060,22.600000381469727,1135494,,,,,
	2026-02-12 14:01:53.989,1,0,1,0,1134067,1134061,22.600000381469727,1135495,,,,,
	2026-02-12 14:01:54.990,1,0,1,0,1134069,1134063,22.600000381469727,1135497,,,,,
	2026-02-12 14:01:55.991,1,0,1,0,1134072,1134066,22.600000381469727,1135500,,,,,
	2026-02-12 14:01:56.989,1,0,1,0,1134074,1134068,22.600000381469727,1135502,,,,,
	2026-02-12 14:01:57.991,1,0,1,0,1134076,1134070,22.600000381469727,1135504,,,,,
	2026-02-12 14:01:58.992,1,0,1,0,1134077,1134071,22.600000381469727,1135505,,,,,
	2026-02-12 14:01:59.992,1,0,1,0,1134079,1134073,22.600000381469727,1135507,,,,,
	2026-02-12 14:02:00.990,1,0,1,0,1134080,1134074,22.600000381469727,1135508,,,,,
	2026-02-12 14:02:01.992,1,0,1,0,1134084,1134078,22.600000381469727,1135512,,,,,
	2026-02-12 14:02:02.990,1,0,1,0,1134085,1134079,22.600000381469727,1135513,,,,,
	2026-02-12 14:02:03.990,1,0,1,0,1134087,1134081,22.600000381469727,1135515,,,,,
	2026-02-12 14:02:04.991,1,0,1,0,1134089,1134083,22.600000381469727,1135517,,,,,
	2026-02-12 14:02:05.990,1,0,1,0,1134090,1134084,22.600000381469727,1135518,,,,,
	2026-02-12 14:02:06.990,1,0,1,0,1134092,1134086,22.600000381469727,1135520,,,,,
	2026-02-12 14:02:07.992,1,0,1,0,1134095,1134089,22.600000381469727,1135523,,,,,
	2026-02-12 14:02:08.991,1,0,1,0,1134097,1134091,22.600000381469727,1135525,,,,,
	2026-02-12 14:02:09.989,1,0,1,0,1134098,1134092,22.600000381469727,1135526,,,,,
	2026-02-12 14:02:10.989,1,0,1,0,1134100,1134094,22.600000381469727,1135528,,,,,
	2026-02-12 14:02:11.992,1,0,1,0,1134102,1134096,22.600000381469727,1135530,,,,,
	2026-02-12 14:02:12.991,1,0,1,0,1134103,1134097,22.600000381469727,1135531,,,,,
	2026-02-12 14:02:13.991,1,0,1,0,1134106,1134100,22.600000381469727,1135534,,,,,
	2026-02-12 14:02:14.991,1,0,1,0,1134108,1134102,22.600000381469727,1135536,,,,,
	2026-02-12 14:02:15.990,1,0,1,0,1134110,1134104,22.600000381469727,1135538,,,,,
	2026-02-12 14:02:16.989,1,0,1,0,1134112,1134106,22.600000381469727,1135540,,,,,
	2026-02-12 14:02:17.990,1,0,1,0,1134113,1134107,22.600000381469727,1135541,,,,,
	2026-02-12 14:02:18.989,1,0,1,0,1134115,1134109,22.600000381469727,1135543,,,,,
	2026-02-12 14:02:19.991,1,0,1,0,1134117,1134111,22.600000381469727,1135545,,,,,
	2026-02-12 14:02:20.989,1,0,1,0,1134120,1134114,22.600000381469727,1135548,,,,,
	2026-02-12 14:02:21.990,1,0,1,0,1134121,1134115,22.600000381469727,1135549,,,,,
	2026-02-12 14:02:22.991,1,0,1,0,1134123,1134117,22.600000381469727,1135551,,,,,
	2026-02-12 14:02:23.991,1,0,1,0,1134125,1134119,22.600000381469727,1135553,,,,,
	2026-02-12 14:02:24.990,1,0,1,0,1134126,1134120,22.600000381469727,1135554,,,,,
	2026-02-12 14:02:25.989,1,0,1,0,1134130,1134124,22.600000381469727,1135558,,,,,
	2026-02-12 14:02:26.990,1,0,1,0,1134131,1134125,22.600000381469727,1135559,,,,,
	2026-02-12 14:02:27.991,1,0,1,0,1134133,1134127,22.600000381469727,1135561,,,,,
	2026-02-12 14:02:28.989,1,0,1,0,1134134,1134128,22.600000381469727,1135562,,,,,
	2026-02-12 14:02:29.989,1,0,1,0,1134136,1134130,22.600000381469727,1135564,,,,,
	2026-02-12 14:02:30.989,1,0,1,0,1134138,1134132,22.600000381469727,1135566,,,,,
	2026-02-12 14:02:31.989,1,0,1,0,1134139,1134133,22.600000381469727,1135567,,,,,
	2026-02-12 14:02:32.990,1,0,1,0,1134143,1134137,22.600000381469727,1135571,,,,,
	2026-02-12 14:02:33.992,1,0,1,0,1134144,1134138,22.600000381469727,1135572,,,,,
	2026-02-12 14:02:34.990,1,0,1,0,1134146,1134140,22.600000381469727,1135574,,,,,
	2026-02-12 14:02:35.991,1,0,1,0,1134148,1134142,22.600000381469727,1135576,,,,,
	2026-02-12 14:02:36.991,1,0,1,0,1134149,1134143,22.600000381469727,1135577,,,,,
	2026-02-12 14:02:37.991,1,0,1,0,1134151,1134145,22.600000381469727,1135579,,,,,
	2026-02-12 14:02:38.992,1,0,1,0,1134154,1134148,22.600000381469727,1135582,,,,,
	2026-02-12 14:02:39.991,1,0,1,0,1134156,1134150,22.600000381469727,1135584,,,,,
	2026-02-12 14:02:40.991,1,0,1,0,1134158,1134152,22.600000381469727,1135586,,,,,
	2026-02-12 14:02:41.990,1,0,1,0,1134159,1134153,22.600000381469727,1135587,,,,,
	2026-02-12 14:02:42.989,1,0,1,0,1134161,1134155,22.600000381469727,1135589,,,,,
	2026-02-12 14:02:43.991,1,0,1,0,1134162,1134156,22.600000381469727,1135590,,,,,
	2026-02-12 14:02:44.990,1,0,1,0,1134166,1134160,22.600000381469727,1135594,,,,,
	2026-02-12 14:02:45.989,1,0,1,0,1134167,1134161,22.600000381469727,1135595,,,,,
	2026-02-12 14:02:46.992,1,0,1,0,1134169,1134163,22.600000381469727,1135597,,,,,
	2026-02-12 14:02:47.989,1,0,1,0,1134171,1134165,22.600000381469727,1135599,,,,,
	2026-02-12 14:02:48.990,1,0,1,0,1134172,1134166,22.600000381469727,1135600,,,,,
	2026-02-12 14:02:49.990,1,0,1,0,1134174,1134168,22.600000381469727,1135602,,,,,
	2026-02-12 14:02:50.990,1,0,1,0,1134177,1134171,22.600000381469727,1135605,,,,,
	2026-02-12 14:02:51.990,1,0,1,0,1134179,1134173,22.600000381469727,1135607,,,,,
	2026-02-12 14:02:52.991,1,0,1,0,1134181,1134175,22.600000381469727,1135609,,,,,
	2026-02-12 14:02:53.990,1,0,1,0,1134182,1134176,22.600000381469727,1135610,,,,,
	2026-02-12 14:02:54.990,1,0,1,0,1134184,1134178,22.600000381469727,1135612,,,,,
	2026-02-12 14:02:55.989,1,0,1,0,1134186,1134180,22.600000381469727,1135614,,,,,
	2026-02-12 14:02:56.990,1,0,1,0,1134189,1134183,22.600000381469727,1135617,,,,,
	2026-02-12 14:02:57.989,1,0,1,0,1134191,1134185,22.600000381469727,1135619,,,,,
	2026-02-12 14:02:58.992,1,0,1,0,1134192,1134186,22.600000381469727,1135620,,,,,
	2026-02-12 14:02:59.989,1,0,1,0,1134194,1134188,22.600000381469727,1135622,,,,,
	2026-02-12 14:03:00.989,1,0,1,0,1134196,1134190,22.600000381469727,1135624,,,,,
	2026-02-12 14:03:01.991,1,0,1,0,1134197,1134191,22.600000381469727,1135625,,,,,
	2026-02-12 14:03:02.990,1,0,1,0,1134199,1134193,22.600000381469727,1135627,,,,,
	2026-02-12 14:03:03.989,1,0,1,0,1134202,1134196,22.600000381469727,1135630,,,,,
	2026-02-12 14:03:04.991,1,0,1,0,1134204,1134198,22.600000381469727,1135632,,,,,
	2026-02-12 14:03:05.991,1,0,1,0,1134205,1134199,22.600000381469727,1135633,,,,,
	2026-02-12 14:03:06.989,1,0,1,0,1134207,1134201,22.600000381469727,1135635,,,,,
	2026-02-12 14:03:07.991,1,0,1,0,1134209,1134203,22.600000381469727,1135637,,,,,
	2026-02-12 14:03:08.989,1,0,1,0,1134212,1134206,22.600000381469727,1135640,,,,,
	2026-02-12 14:03:09.991,1,0,1,0,1134214,1134208,22.600000381469727,1135642,,,,,
	2026-02-12 14:03:10.992,1,0,1,0,1134215,1134209,22.600000381469727,1135643,,,,,
	2026-02-12 14:03:11.991,1,0,1,0,1134217,1134211,22.600000381469727,1135645,,,,,
	2026-02-12 14:03:12.990,1,0,1,0,1134218,1134212,22.600000381469727,1135646,,,,,
	2026-02-12 14:03:13.990,1,0,1,0,1134221,1134215,22.600000381469727,1135649,,,,,
	2026-02-12 14:03:14.990,1,0,1,0,1134223,1134217,22.600000381469727,1135651,,,,,
	2026-02-12 14:03:15.991,1,0,1,0,1134225,1134219,22.600000381469727,1135653,,,,,
	2026-02-12 14:03:16.992,1,0,1,0,1134226,1134220,22.600000381469727,1135654,,,,,
	2026-02-12 14:03:17.990,1,0,1,0,1134228,1134222,22.600000381469727,1135656,,,,,
	2026-02-12 14:03:18.989,1,0,1,0,1134231,1134225,22.600000381469727,1135659,,,,,
	2026-02-12 14:03:19.990,1,0,1,0,1134233,1134227,22.600000381469727,1135661,,,,,
	2026-02-12 14:03:20.991,1,0,1,0,1134234,1134228,22.600000381469727,1135662,,,,,
	2026-02-12 14:03:21.990,1,0,1,0,1134236,1134230,22.600000381469727,1135664,,,,,
	2026-02-12 14:03:22.991,1,0,1,0,1134237,1134231,22.600000381469727,1135665,,,,,
	2026-02-12 14:03:23.989,1,0,1,0,1134239,1134233,22.600000381469727,1135667,,,,,
	2026-02-12 14:03:24.991,1,0,1,0,1134242,1134236,22.600000381469727,1135670,,,,,
	2026-02-12 14:03:25.991,1,0,1,0,1134244,1134238,22.600000381469727,1135672,,,,,
	2026-02-12 14:03:26.990,1,0,1,0,1134245,1134239,22.600000381469727,1135673,,,,,
	2026-02-12 14:03:27.989,1,0,1,0,1134245,1134239,22.600000381469727,1135673,,,,,
	2026-02-12 14:03:28.991,1,0,1,0,1134245,1134239,22.600000381469727,1135673,,,,,
	2026-02-12 14:03:29.990,1,0,1,0,1134245,1134239,22.600000381469727,1135673,,,,,
	2026-02-12 14:03:30.989,1,0,1,0,1134245,1134239,22.600000381469727,1135673,,,,,
	2026-02-12 14:03:31.991,1,0,1,0,1134245,1134239,22.600000381469727,1135673,,,,,
	2026-02-12 14:03:32.990,1,0,1,0,1134245,1134239,22.600000381469727,1135673,,,,,
	2026-02-12 14:03:33.989,1,0,1,0,1134245,1134239,22.600000381469727,1135673,,,,,
	2026-02-12 14:03:34.992,1,0,1,0,1134245,1134239,22.600000381469727,1135673,,,,,
	2026-02-12 14:03:35.990,1,0,1,0,1134245,1134239,22.600000381469727,1135673,,,,,
	2026-02-12 14:03:36.990,1,0,1,0,1134245,1134239,22.600000381469727,1135673,,,,,
	2026-02-12 14:03:37.990,1,0,1,0,1134245,1134239,22.600000381469727,1135673,,,,,
	2026-02-12 14:03:38.990,1,0,1,0,1134258,1134252,22.600000381469727,1135686,,,,,
	2026-02-12 14:03:39.989,1,0,1,0,1134259,1134253,22.600000381469727,1135687,,,,,
	2026-02-12 14:03:40.991,1,0,1,0,1134262,1134256,22.600000381469727,1135690,,,,,
	2026-02-12 14:03:41.992,1,0,1,0,1134264,1134258,22.600000381469727,1135692,,,,,
	2026-02-12 14:03:42.991,1,0,1,0,1134266,1134260,22.600000381469727,1135694,,,,,
	2026-02-12 14:03:43.989,1,0,1,0,1134267,1134261,22.600000381469727,1135695,,,,,
	2026-02-12 14:03:44.991,1,0,1,0,1134270,1134264,22.600000381469727,1135698,,,,,
	2026-02-12 14:03:45.991,1,0,1,0,1134272,1134266,22.600000381469727,1135700,,,,,
	2026-02-12 14:03:46.990,1,0,1,0,1134274,1134268,22.600000381469727,1135702,,,,,
	2026-02-12 14:03:47.989,1,0,1,0,1134275,1134269,22.600000381469727,1135703,,,,,
	2026-02-12 14:03:48.990,1,0,1,0,1134277,1134271,22.600000381469727,1135705,,,,,
	2026-02-12 14:03:49.989,1,0,1,0,1134279,1134273,22.600000381469727,1135707,,,,,
	2026-02-12 14:03:50.990,1,0,1,0,1134282,1134276,22.600000381469727,1135710,,,,,
	2026-02-12 14:03:51.991,1,0,1,0,1134283,1134277,22.600000381469727,1135711,,,,,
	2026-02-12 14:03:52.992,1,0,1,0,1134285,1134279,22.600000381469727,1135713,,,,,
	2026-02-12 14:03:53.992,1,0,1,0,1134286,1134280,22.600000381469727,1135714,,,,,
	2026-02-12 14:03:54.990,1,0,1,0,1134288,1134282,22.600000381469727,1135716,,,,,
	2026-02-12 14:03:55.989,1,0,1,0,1134291,1134285,22.600000381469727,1135719,,,,,
	2026-02-12 14:03:56.990,1,0,1,0,1134293,1134287,22.600000381469727,1135721,,,,,
	2026-02-12 14:03:57.991,1,0,1,0,1134295,1134289,22.600000381469727,1135723,,,,,
	2026-02-12 14:03:58.992,1,0,1,0,1134296,1134290,22.600000381469727,1135724,,,,,
	2026-02-12 14:03:59.991,1,0,1,0,1134298,1134292,22.600000381469727,1135726,,,,,
	2026-02-12 14:04:00.992,1,0,1,0,1134301,1134295,22.600000381469727,1135729,,,,,
	2026-02-12 14:04:01.992,1,0,1,0,1134302,1134296,22.600000381469727,1135730,,,,,
	2026-02-12 14:04:02.991,1,0,1,0,1134304,1134298,22.600000381469727,1135732,,,,,
	2026-02-12 14:04:03.989,1,0,1,0,1134306,1134300,22.600000381469727,1135734,,,,,
	2026-02-12 14:04:04.991,1,0,1,0,1134307,1134301,22.600000381469727,1135735,,,,,
	2026-02-12 14:04:05.989,1,0,1,0,1134310,1134304,22.600000381469727,1135738,,,,,
	2026-02-12 14:04:06.991,1,0,1,0,1134312,1134306,22.600000381469727,1135740,,,,,
	2026-02-12 14:04:07.991,1,0,1,0,1134314,1134308,22.600000381469727,1135742,,,,,
	2026-02-12 14:04:08.989,1,0,1,0,1134315,1134309,22.600000381469727,1135743,,,,,
	2026-02-12 14:04:09.991,1,0,1,0,1134317,1134311,22.600000381469727,1135745,,,,,
	2026-02-12 14:04:10.989,1,0,1,0,1134318,1134312,22.600000381469727,1135746,,,,,
	2026-02-12 14:04:11.990,1,0,1,0,1134322,1134316,22.600000381469727,1135750,,,,,
	2026-02-12 14:04:12.990,1,0,1,0,1134323,1134317,22.600000381469727,1135751,,,,,
	2026-02-12 14:04:13.989,1,0,1,0,1134325,1134319,22.600000381469727,1135753,,,,,
	2026-02-12 14:04:14.989,1,0,1,0,1134326,1134320,22.600000381469727,1135754,,,,,
	2026-02-12 14:04:15.991,1,0,1,0,1134330,1134324,22.600000381469727,1135758,,,,,
	2026-02-12 14:04:16.990,1,0,1,0,1134331,1134325,22.600000381469727,1135759,,,,,
	2026-02-12 14:04:17.990,1,0,1,0,1134333,1134327,22.600000381469727,1135761,,,,,
	2026-02-12 14:04:18.991,1,0,1,0,1134334,1134328,22.600000381469727,1135762,,,,,
	2026-02-12 14:04:19.993,1,0,1,0,1134336,1134330,22.600000381469727,1135764,,,,,
	2026-02-12 14:04:20.989,1,0,1,0,1134339,1134333,22.600000381469727,1135767,,,,,
	2026-02-12 14:04:21.990,1,0,1,0,1134340,1134334,22.600000381469727,1135768,,,,,
	2026-02-12 14:04:22.989,1,0,1,0,1134342,1134336,22.600000381469727,1135770,,,,,
	2026-02-12 14:04:23.989,1,0,1,0,1134344,1134338,22.600000381469727,1135772,,,,,
	2026-02-12 14:04:24.991,1,0,1,0,1134345,1134339,22.600000381469727,1135773,,,,,
	2026-02-12 14:04:25.989,1,0,1,0,1134348,1134342,22.600000381469727,1135776,,,,,
	2026-02-12 14:04:26.990,1,0,1,0,1134350,1134344,22.600000381469727,1135778,,,,,
	2026-02-12 14:04:27.990,1,0,1,0,1134351,1134345,22.600000381469727,1135779,,,,,
	2026-02-12 14:04:28.989,1,0,1,0,1134353,1134347,22.600000381469727,1135781,,,,,
	2026-02-12 14:04:29.989,1,0,1,0,1134353,1134347,22.600000381469727,1135781,,,,,
	2026-02-12 14:04:30.990,1,0,1,0,1134353,1134347,22.600000381469727,1135781,,,,,
	2026-02-12 14:04:31.989,1,0,1,0,1134353,1134347,22.600000381469727,1135781,,,,,
	2026-02-12 14:04:32.991,1,0,1,0,1134353,1134347,22.600000381469727,1135781,,,,,
	2026-02-12 14:04:33.991,1,0,1,0,1134353,1134347,22.600000381469727,1135781,,,,,
	2026-02-12 14:04:34.992,1,0,1,0,1134353,1134347,22.600000381469727,1135781,,,,,
	2026-02-12 14:04:35.990,1,0,1,0,1134353,1134347,22.600000381469727,1135781,,,,,
	2026-02-12 14:04:36.990,1,0,1,0,1134362,1134356,22.600000381469727,1135790,,,,,
	2026-02-12 14:04:37.992,1,0,1,0,1134363,1134357,22.600000381469727,1135791,,,,,
	2026-02-12 14:04:38.990,1,0,1,0,1134365,1134359,22.600000381469727,1135793,,,,,
	2026-02-12 14:04:39.989,1,0,1,0,1134367,1134361,22.600000381469727,1135795,,,,,
	2026-02-12 14:04:40.989,1,0,1,0,1134369,1134363,22.600000381469727,1135797,,,,,
	2026-02-12 14:04:41.989,1,0,1,0,1134370,1134364,22.600000381469727,1135798,,,,,
	2026-02-12 14:04:42.991,1,0,1,0,1134374,1134368,22.600000381469727,1135802,,,,,
	2026-02-12 14:04:43.990,1,0,1,0,1134376,1134370,22.600000381469727,1135804,,,,,
	2026-02-12 14:04:44.990,1,0,1,0,1134377,1134371,22.600000381469727,1135805,,,,,
	2026-02-12 14:04:45.991,1,0,1,0,1134379,1134373,22.600000381469727,1135807,,,,,
	2026-02-12 14:04:46.989,1,0,1,0,1134381,1134375,22.600000381469727,1135809,,,,,
	2026-02-12 14:04:47.992,1,0,1,0,1134382,1134376,22.600000381469727,1135810,,,,,
	2026-02-12 14:04:48.989,1,0,1,0,1134384,1134378,22.600000381469727,1135812,,,,,
	2026-02-12 14:04:49.989,1,0,1,0,1134386,1134380,22.600000381469727,1135814,,,,,
	2026-02-12 14:04:50.991,1,0,1,0,1134388,1134382,22.600000381469727,1135816,,,,,
	2026-02-12 14:04:51.989,1,0,1,0,1134389,1134383,22.600000381469727,1135817,,,,,
	2026-02-12 14:04:52.990,1,0,1,0,1134391,1134385,22.600000381469727,1135819,,,,,
	2026-02-12 14:04:53.990,1,0,1,0,1134393,1134387,22.600000381469727,1135821,,,,,
	2026-02-12 14:04:54.990,1,0,1,0,1134396,1134390,22.600000381469727,1135824,,,,,
	2026-02-12 14:04:55.991,1,0,1,0,1134398,1134392,22.600000381469727,1135826,,,,,
	2026-02-12 14:04:56.989,1,0,1,0,1134400,1134394,22.600000381469727,1135828,,,,,
	2026-02-12 14:04:57.989,1,0,1,0,1134401,1134395,22.600000381469727,1135829,,,,,
	2026-02-12 14:04:58.992,1,0,1,0,1134403,1134397,22.600000381469727,1135831,,,,,
	2026-02-12 14:04:59.990,1,0,1,0,1134405,1134399,22.600000381469727,1135833,,,,,
	2026-02-12 14:05:00.991,1,0,1,0,1134407,1134401,22.600000381469727,1135835,,,,,
	2026-02-12 14:05:01.991,1,0,1,0,1134408,1134402,22.600000381469727,1135836,,,,,
	2026-02-12 14:05:02.989,1,0,1,0,1134410,1134404,22.600000381469727,1135838,,,,,
	2026-02-12 14:05:03.991,1,0,1,0,1134412,1134406,22.600000381469727,1135840,,,,,
	2026-02-12 14:05:04.992,1,0,1,0,1134414,1134408,22.600000381469727,1135842,,,,,
	2026-02-12 14:05:05.990,1,0,1,0,1134417,1134411,22.600000381469727,1135845,,,,,
	2026-02-12 14:05:06.991,1,0,1,0,1134419,1134413,22.600000381469727,1135847,,,,,
	2026-02-12 14:05:07.992,1,0,1,0,1134420,1134414,22.600000381469727,1135848,,,,,
	2026-02-12 14:05:08.989,1,0,1,0,1134422,1134416,22.600000381469727,1135850,,,,,
	2026-02-12 14:05:09.991,1,0,1,0,1134424,1134418,22.600000381469727,1135852,,,,,
	2026-02-12 14:05:10.989,1,0,1,0,1134426,1134420,22.600000381469727,1135854,,,,,
	2026-02-12 14:05:11.992,1,0,1,0,1134427,1134421,22.600000381469727,1135855,,,,,
	2026-02-12 14:05:12.990,1,0,1,0,1134429,1134423,22.600000381469727,1135857,,,,,
	2026-02-12 14:05:13.991,1,0,1,0,1134431,1134425,22.600000381469727,1135859,,,,,
	2026-02-12 14:05:14.991,1,0,1,0,1134433,1134427,22.600000381469727,1135861,,,,,
	2026-02-12 14:05:15.990,1,0,1,0,1134434,1134428,22.600000381469727,1135862,,,,,
	2026-02-12 14:05:16.990,1,0,1,0,1134438,1134432,22.600000381469727,1135866,,,,,
	2026-02-12 14:05:17.989,1,0,1,0,1134440,1134434,22.600000381469727,1135868,,,,,
	2026-02-12 14:05:18.991,1,0,1,0,1134442,1134436,22.600000381469727,1135870,,,,,
	2026-02-12 14:05:19.991,1,0,1,0,1134443,1134437,22.600000381469727,1135871,,,,,
	2026-02-12 14:05:20.990,1,0,1,0,1134445,1134439,22.600000381469727,1135873,,,,,
	2026-02-12 14:05:21.990,1,0,1,0,1134447,1134441,22.600000381469727,1135875,,,,,
	2026-02-12 14:05:22.990,1,0,1,0,1134449,1134443,22.600000381469727,1135877,,,,,
	2026-02-12 14:05:23.989,1,0,1,0,1134450,1134444,22.600000381469727,1135878,,,,,
	2026-02-12 14:05:24.989,1,0,1,0,1134452,1134446,22.600000381469727,1135880,,,,,
	2026-02-12 14:05:25.991,1,0,1,0,1134454,1134448,22.600000381469727,1135882,,,,,
	2026-02-12 14:05:26.990,1,0,1,0,1134455,1134449,22.600000381469727,1135883,,,,,
	2026-02-12 14:05:27.989,1,0,1,0,1134457,1134451,22.600000381469727,1135885,,,,,
	2026-02-12 14:05:28.990,1,0,1,0,1134461,1134455,22.600000381469727,1135889,,,,,
	2026-02-12 14:05:29.989,1,0,1,0,1134462,1134456,22.600000381469727,1135890,,,,,
	2026-02-12 14:05:30.990,1,0,1,0,1134464,1134458,22.600000381469727,1135892,,,,,
	2026-02-12 14:05:31.990,1,0,1,0,1134466,1134460,22.600000381469727,1135894,,,,,
	2026-02-12 14:05:32.990,1,0,1,0,1134468,1134462,22.600000381469727,1135896,,,,,
	2026-02-12 14:05:33.991,1,0,1,0,1134469,1134463,22.600000381469727,1135897,,,,,
	2026-02-12 14:05:34.989,1,0,1,0,1134471,1134465,22.600000381469727,1135899,,,,,
	2026-02-12 14:05:35.989,1,0,1,0,1134473,1134467,22.600000381469727,1135901,,,,,
	2026-02-12 14:05:36.990,1,0,1,0,1134474,1134468,22.600000381469727,1135902,,,,,
	2026-02-12 14:05:37.990,1,0,1,0,1134478,1134472,22.600000381469727,1135906,,,,,
	2026-02-12 14:05:38.990,1,0,1,0,1134479,1134473,22.600000381469727,1135907,,,,,
	2026-02-12 14:05:39.990,1,0,1,0,1134481,1134475,22.600000381469727,1135909,,,,,
	2026-02-12 14:05:40.992,1,0,1,0,1134483,1134477,22.600000381469727,1135911,,,,,
	2026-02-12 14:05:41.990,1,0,1,0,1134485,1134479,22.600000381469727,1135913,,,,,
	2026-02-12 14:05:42.990,1,0,1,0,1134485,1134479,22.600000381469727,1135913,,,,,
	2026-02-12 14:05:43.992,1,0,1,0,1134487,1134481,22.600000381469727,1135915,,,,,
	2026-02-12 14:05:44.989,1,0,1,0,1134491,1134485,22.600000381469727,1135919,,,,,
	2026-02-12 14:05:45.990,1,0,1,0,1134492,1134486,22.600000381469727,1135920,,,,,
	2026-02-12 14:05:46.992,1,0,1,0,1134494,1134488,22.600000381469727,1135922,,,,,
	2026-02-12 14:05:47.989,1,0,1,0,1134495,1134489,22.600000381469727,1135923,,,,,
	2026-02-12 14:05:48.989,1,0,1,0,1134497,1134491,22.600000381469727,1135925,,,,,
	2026-02-12 14:05:49.989,1,0,1,0,1134499,1134493,22.600000381469727,1135927,,,,,
	2026-02-12 14:05:50.990,1,0,1,0,1134502,1134496,22.600000381469727,1135930,,,,,
	2026-02-12 14:05:51.990,1,0,1,0,1134504,1134498,22.600000381469727,1135932,,,,,
	2026-02-12 14:05:52.989,1,0,1,0,1134505,1134499,22.600000381469727,1135933,,,,,
	2026-02-12 14:05:53.990,1,0,1,0,1134507,1134501,22.600000381469727,1135935,,,,,
	2026-02-12 14:05:54.989,1,0,1,0,1134509,1134503,22.600000381469727,1135937,,,,,
	2026-02-12 14:05:55.989,1,0,1,0,1134510,1134504,22.600000381469727,1135938,,,,,
	2026-02-12 14:05:56.991,1,0,1,0,1134512,1134506,22.600000381469727,1135940,,,,,
	2026-02-12 14:05:57.990,1,0,1,0,1134515,1134509,22.600000381469727,1135943,,,,,
	2026-02-12 14:05:58.989,1,0,1,0,1134517,1134511,22.600000381469727,1135945,,,,,
	2026-02-12 14:05:59.989,1,0,1,0,1134518,1134512,22.600000381469727,1135946,,,,,
	2026-02-12 14:06:00.990,1,0,1,0,1134520,1134514,22.600000381469727,1135948,,,,,
	2026-02-12 14:06:01.992,1,0,1,0,1134523,1134517,22.600000381469727,1135951,,,,,
	2026-02-12 14:06:02.990,1,0,1,0,1134525,1134519,22.600000381469727,1135953,,,,,
	2026-02-12 14:06:03.989,1,0,1,0,1134526,1134520,22.600000381469727,1135954,,,,,
	2026-02-12 14:06:04.989,1,0,1,0,1134528,1134522,22.600000381469727,1135956,,,,,
	2026-02-12 14:06:05.990,1,0,1,0,1134529,1134523,22.600000381469727,1135957,,,,,
	2026-02-12 14:06:06.990,1,0,1,0,1134532,1134526,22.600000381469727,1135960,,,,,
	2026-02-12 14:06:07.992,1,0,1,0,1134534,1134528,22.600000381469727,1135962,,,,,
	2026-02-12 14:06:08.992,1,0,1,0,1134536,1134530,22.600000381469727,1135964,,,,,
	2026-02-12 14:06:09.990,1,0,1,0,1134537,1134531,22.600000381469727,1135965,,,,,
	2026-02-12 14:06:10.989,1,0,1,0,1134539,1134533,22.600000381469727,1135967,,,,,
	2026-02-12 14:06:11.990,1,0,1,0,1134541,1134535,22.600000381469727,1135969,,,,,
	2026-02-12 14:06:12.990,1,0,1,0,1134544,1134538,22.600000381469727,1135972,,,,,
	2026-02-12 14:06:13.989,1,0,1,0,1134546,1134540,22.600000381469727,1135974,,,,,
	2026-02-12 14:06:14.990,1,0,1,0,1134547,1134541,22.600000381469727,1135975,,,,,
	2026-02-12 14:06:15.989,1,0,1,0,1134549,1134543,22.600000381469727,1135977,,,,,
	2026-02-12 14:06:16.990,1,0,1,0,1134550,1134544,22.600000381469727,1135978,,,,,
	2026-02-12 14:06:17.989,1,0,1,0,1134553,1134547,22.600000381469727,1135981,,,,,
	2026-02-12 14:06:18.990,1,0,1,0,1134555,1134549,22.600000381469727,1135983,,,,,
	2026-02-12 14:06:19.992,1,0,1,0,1134557,1134551,22.600000381469727,1135985,,,,,
	2026-02-12 14:06:20.989,1,0,1,0,1134558,1134552,22.600000381469727,1135986,,,,,
	2026-02-12 14:06:21.991,1,0,1,0,1134560,1134554,22.600000381469727,1135988,,,,,
	2026-02-12 14:06:22.989,1,0,1,0,1134563,1134557,22.600000381469727,1135991,,,,,
	2026-02-12 14:06:23.990,1,0,1,0,1134565,1134559,22.600000381469727,1135993,,,,,
	2026-02-12 14:06:24.990,1,0,1,0,1134566,1134560,22.600000381469727,1135994,,,,,
	2026-02-12 14:06:25.991,1,0,1,0,1134568,1134562,22.600000381469727,1135996,,,,,
	2026-02-12 14:06:26.991,1,0,1,0,1134569,1134563,22.600000381469727,1135997,,,,,
	2026-02-12 14:06:27.991,1,0,1,0,1134573,1134567,22.600000381469727,1136001,,,,,
	2026-02-12 14:06:28.989,1,0,1,0,1134574,1134568,22.600000381469727,1136002,,,,,
	2026-02-12 14:06:29.991,1,0,1,0,1134576,1134570,22.600000381469727,1136004,,,,,
	2026-02-12 14:06:30.989,1,0,1,0,1134577,1134571,22.600000381469727,1136005,,,,,
	2026-02-12 14:06:31.990,1,0,1,0,1134579,1134573,22.600000381469727,1136007,,,,,
	2026-02-12 14:06:32.990,1,0,1,0,1134581,1134575,22.600000381469727,1136009,,,,,
	2026-02-12 14:06:33.990,1,0,1,0,1134584,1134578,22.600000381469727,1136012,,,,,
	2026-02-12 14:06:34.992,1,0,1,0,1134585,1134579,22.600000381469727,1136013,,,,,
	2026-02-12 14:06:35.990,1,0,1,0,1134587,1134581,22.600000381469727,1136015,,,,,
	2026-02-12 14:06:36.991,1,0,1,0,1134589,1134583,22.600000381469727,1136017,,,,,
	2026-02-12 14:06:37.989,1,0,1,0,1134590,1134584,22.600000381469727,1136018,,,,,
	2026-02-12 14:06:38.990,1,0,1,0,1134593,1134587,22.600000381469727,1136021,,,,,
	2026-02-12 14:06:39.990,1,0,1,0,1134595,1134589,22.600000381469727,1136023,,,,,
	2026-02-12 14:06:40.992,1,0,1,0,1134597,1134591,22.600000381469727,1136025,,,,,
	2026-02-12 14:06:41.989,1,0,1,0,1134598,1134592,22.600000381469727,1136026,,,,,
	2026-02-12 14:06:42.991,1,0,1,0,1134601,1134595,22.600000381469727,1136029,,,,,
	2026-02-12 14:06:43.992,1,0,1,0,1134603,1134597,22.600000381469727,1136031,,,,,
	2026-02-12 14:06:44.990,1,0,1,0,1134604,1134598,22.600000381469727,1136032,,,,,
	2026-02-12 14:06:45.989,1,0,1,0,1134606,1134600,22.600000381469727,1136034,,,,,
	2026-02-12 14:06:46.990,1,0,1,0,1134608,1134602,22.600000381469727,1136036,,,,,
	2026-02-12 14:06:47.992,1,0,1,0,1134611,1134605,22.600000381469727,1136039,,,,,
	2026-02-12 14:06:48.989,1,0,1,0,1134612,1134606,22.600000381469727,1136040,,,,,
	2026-02-12 14:06:49.991,1,0,1,0,1134614,1134608,22.600000381469727,1136042,,,,,
	2026-02-12 14:06:50.992,1,0,1,0,1134616,1134610,22.600000381469727,1136044,,,,,
	2026-02-12 14:06:51.990,1,0,1,0,1134617,1134611,22.600000381469727,1136045,,,,,
	2026-02-12 14:06:52.989,1,0,1,0,1134619,1134613,22.600000381469727,1136047,,,,,
	2026-02-12 14:06:53.990,1,0,1,0,1134622,1134616,22.600000381469727,1136050,,,,,
	2026-02-12 14:06:54.989,1,0,1,0,1134624,1134618,22.600000381469727,1136052,,,,,
	2026-02-12 14:06:55.992,1,0,1,0,1134625,1134619,22.600000381469727,1136053,,,,,
	2026-02-12 14:06:56.989,1,0,1,0,1134627,1134621,22.600000381469727,1136055,,,,,
	2026-02-12 14:06:57.990,1,0,1,0,1134629,1134623,22.600000381469727,1136057,,,,,
	2026-02-12 14:06:58.989,1,0,1,0,1134632,1134626,22.600000381469727,1136060,,,,,
	2026-02-12 14:06:59.990,1,0,1,0,1134633,1134627,22.600000381469727,1136061,,,,,
	2026-02-12 14:07:00.990,1,0,1,0,1134635,1134629,22.600000381469727,1136063,,,,,
	2026-02-12 14:07:01.989,1,0,1,0,1134636,1134630,22.600000381469727,1136064,,,,,
	2026-02-12 14:07:02.991,1,0,1,0,1134638,1134632,22.600000381469727,1136066,,,,,
	2026-02-12 14:07:03.991,1,0,1,0,1134641,1134635,22.600000381469727,1136069,,,,,
	2026-02-12 14:07:04.989,1,0,1,0,1134643,1134637,22.600000381469727,1136071,,,,,
	2026-02-12 14:07:05.989,1,0,1,0,1134644,1134638,22.600000381469727,1136072,,,,,
	2026-02-12 14:07:06.990,1,0,1,0,1134646,1134640,22.600000381469727,1136074,,,,,
	2026-02-12 14:07:07.992,1,0,1,0,1134649,1134643,22.600000381469727,1136077,,,,,
	2026-02-12 14:07:08.989,1,0,1,0,1134650,1134644,22.600000381469727,1136078,,,,,
	2026-02-12 14:07:09.990,1,0,1,0,1134652,1134646,22.600000381469727,1136080,,,,,
	2026-02-12 14:07:10.989,1,0,1,0,1134653,1134647,22.600000381469727,1136081,,,,,
	2026-02-12 14:07:11.989,1,0,1,0,1134655,1134649,22.600000381469727,1136083,,,,,
	2026-02-12 14:07:12.990,1,0,1,0,1134658,1134652,22.600000381469727,1136086,,,,,
	2026-02-12 14:07:13.991,1,0,1,0,1134660,1134654,22.600000381469727,1136088,,,,,
	2026-02-12 14:07:14.992,1,0,1,0,1134661,1134655,22.600000381469727,1136089,,,,,
	2026-02-12 14:07:15.990,1,0,1,0,1134663,1134657,22.600000381469727,1136091,,,,,
	2026-02-12 14:07:16.989,1,0,1,0,1134665,1134659,22.600000381469727,1136093,,,,,
	2026-02-12 14:07:17.989,1,0,1,0,1134668,1134662,22.600000381469727,1136096,,,,,
	2026-02-12 14:07:18.990,1,0,1,0,1134670,1134664,22.600000381469727,1136098,,,,,
	2026-02-12 14:07:19.989,1,0,1,0,1134671,1134665,22.600000381469727,1136099,,,,,
	2026-02-12 14:07:20.989,1,0,1,0,1134673,1134667,22.600000381469727,1136101,,,,,
	2026-02-12 14:07:21.989,1,0,1,0,1134675,1134669,22.600000381469727,1136103,,,,,
	2026-02-12 14:07:22.991,1,0,1,0,1134676,1134670,22.600000381469727,1136104,,,,,
	2026-02-12 14:07:23.989,1,0,1,0,1134680,1134674,22.600000381469727,1136108,,,,,
	2026-02-12 14:07:24.990,1,0,1,0,1134681,1134675,22.600000381469727,1136109,,,,,
	2026-02-12 14:07:25.989,1,0,1,0,1134683,1134677,22.600000381469727,1136111,,,,,
	2026-02-12 14:07:26.991,1,0,1,0,1134684,1134678,22.600000381469727,1136112,,,,,
	2026-02-12 14:07:27.990,1,0,1,0,1134686,1134680,22.600000381469727,1136114,,,,,
	2026-02-12 14:07:28.991,1,0,1,0,1134688,1134682,22.600000381469727,1136116,,,,,
	2026-02-12 14:07:29.989,1,0,1,0,1134691,1134685,22.600000381469727,1136119,,,,,
	2026-02-12 14:07:30.990,1,0,1,0,1134692,1134686,22.600000381469727,1136120,,,,,
	2026-02-12 14:07:31.992,1,0,1,0,1134694,1134688,22.600000381469727,1136122,,,,,
	2026-02-12 14:07:32.990,1,0,1,0,1134696,1134690,22.600000381469727,1136124,,,,,
	2026-02-12 14:07:33.990,1,0,1,0,1134697,1134691,22.600000381469727,1136125,,,,,
	2026-02-12 14:07:34.989,1,0,1,0,1134701,1134695,22.600000381469727,1136129,,,,,
	2026-02-12 14:07:35.989,1,0,1,0,1134702,1134696,22.600000381469727,1136130,,,,,
	2026-02-12 14:07:36.991,1,0,1,0,1134704,1134698,22.600000381469727,1136132,,,,,
	2026-02-12 14:07:37.989,1,0,1,0,1134706,1134700,22.600000381469727,1136134,,,,,
	2026-02-12 14:07:38.990,1,0,1,0,1134707,1134701,22.600000381469727,1136135,,,,,
	2026-02-12 14:07:39.989,1,0,1,0,1134709,1134703,22.600000381469727,1136137,,,,,
	2026-02-12 14:07:40.992,1,0,1,0,1134712,1134706,22.600000381469727,1136140,,,,,
	2026-02-12 14:07:41.989,1,0,1,0,1134714,1134708,22.600000381469727,1136142,,,,,
	2026-02-12 14:07:42.990,1,0,1,0,1134715,1134709,22.600000381469727,1136143,,,,,
	2026-02-12 14:07:43.991,1,0,1,0,1134717,1134711,22.600000381469727,1136145,,,,,
	2026-02-12 14:07:44.990,1,0,1,0,1134718,1134712,22.600000381469727,1136146,,,,,
	2026-02-12 14:07:45.990,1,0,1,0,1134721,1134715,22.600000381469727,1136149,,,,,
	2026-02-12 14:07:46.989,1,0,1,0,1134723,1134717,22.600000381469727,1136151,,,,,
	2026-02-12 14:07:47.990,1,0,1,0,1134725,1134719,22.600000381469727,1136153,,,,,
	2026-02-12 14:07:48.991,1,0,1,0,1134726,1134720,22.600000381469727,1136154,,,,,
	2026-02-12 14:07:49.992,1,0,1,0,1134729,1134723,22.600000381469727,1136157,,,,,
	2026-02-12 14:07:50.990,1,0,1,0,1134731,1134725,22.600000381469727,1136159,,,,,
	2026-02-12 14:07:51.990,1,0,1,0,1134733,1134727,22.600000381469727,1136161,,,,,
	2026-02-12 14:07:52.991,1,0,1,0,1134734,1134728,22.600000381469727,1136162,,,,,
	2026-02-12 14:07:53.989,1,0,1,0,1134736,1134730,22.600000381469727,1136164,,,,,
	2026-02-12 14:07:54.989,1,0,1,0,1134737,1134731,22.600000381469727,1136165,,,,,
	2026-02-12 14:07:55.991,1,0,1,0,1134741,1134735,22.600000381469727,1136169,,,,,
	2026-02-12 14:07:56.992,1,0,1,0,1134742,1134736,22.600000381469727,1136170,,,,,
	2026-02-12 14:07:57.991,1,0,1,0,1134744,1134738,22.600000381469727,1136172,,,,,
	2026-02-12 14:07:58.991,1,0,1,0,1134746,1134740,22.600000381469727,1136174,,,,,
	2026-02-12 14:07:59.989,1,0,1,0,1134747,1134741,22.600000381469727,1136175,,,,,
	2026-02-12 14:08:00.989,1,0,1,0,1134750,1134744,22.600000381469727,1136178,,,,,
	2026-02-12 14:08:01.991,1,0,1,0,1134752,1134746,22.600000381469727,1136180,,,,,
	2026-02-12 14:08:02.989,1,0,1,0,1134754,1134748,22.600000381469727,1136182,,,,,
	2026-02-12 14:08:03.990,1,0,1,0,1134755,1134749,22.600000381469727,1136183,,,,,
	2026-02-12 14:08:04.989,1,0,1,0,1134757,1134751,22.600000381469727,1136185,,,,,
	2026-02-12 14:08:05.990,1,0,1,0,1134758,1134752,22.600000381469727,1136186,,,,,
	2026-02-12 14:08:06.990,1,0,1,0,1134762,1134756,22.600000381469727,1136190,,,,,
	2026-02-12 14:08:07.989,1,0,1,0,1134763,1134757,22.600000381469727,1136191,,,,,
	2026-02-12 14:08:08.989,1,0,1,0,1134765,1134759,22.600000381469727,1136193,,,,,
	2026-02-12 14:08:09.990,1,0,1,0,1134767,1134761,22.600000381469727,1136195,,,,,
	2026-02-12 14:08:10.990,1,0,1,0,1134768,1134762,22.600000381469727,1136196,,,,,
	2026-02-12 14:08:11.989,1,0,1,0,1134770,1134764,22.600000381469727,1136198,,,,,
	2026-02-12 14:08:12.991,1,0,1,0,1134773,1134767,22.600000381469727,1136201,,,,,
	2026-02-12 14:08:13.992,1,0,1,0,1134775,1134769,22.600000381469727,1136203,,,,,
	2026-02-12 14:08:14.991,1,0,1,0,1134776,1134770,22.600000381469727,1136204,,,,,
	2026-02-12 14:08:15.990,1,0,1,0,1134778,1134772,22.600000381469727,1136206,,,,,
	2026-02-12 14:08:16.993,1,0,1,0,1134779,1134773,22.600000381469727,1136207,,,,,
	2026-02-12 14:08:17.990,1,0,1,0,1134782,1134776,22.600000381469727,1136210,,,,,
	2026-02-12 14:08:18.990,1,0,1,0,1134784,1134778,22.600000381469727,1136212,,,,,
	2026-02-12 14:08:19.992,1,0,1,0,1134786,1134780,22.600000381469727,1136214,,,,,
	2026-02-12 14:08:20.990,1,0,1,0,1134787,1134781,22.600000381469727,1136215,,,,,
	2026-02-12 14:08:21.990,1,0,1,0,1134789,1134783,22.600000381469727,1136217,,,,,
	2026-02-12 14:08:22.992,1,0,1,0,1134792,1134786,22.600000381469727,1136220,,,,,
	2026-02-12 14:08:23.989,1,0,1,0,1134794,1134788,22.600000381469727,1136222,,,,,
	2026-02-12 14:08:24.989,1,0,1,0,1134795,1134789,22.600000381469727,1136223,,,,,
	2026-02-12 14:08:25.989,1,0,1,0,1134797,1134791,22.600000381469727,1136225,,,,,
	2026-02-12 14:08:26.989,1,0,1,0,1134799,1134793,22.600000381469727,1136227,,,,,
	2026-02-12 14:08:27.991,1,0,1,0,1134800,1134794,22.600000381469727,1136228,,,,,
	2026-02-12 14:08:28.991,1,0,1,0,1134804,1134798,22.600000381469727,1136232,,,,,
	2026-02-12 14:08:29.990,1,0,1,0,1134805,1134799,22.600000381469727,1136233,,,,,
	2026-02-12 14:08:30.989,1,0,1,0,1134807,1134801,22.600000381469727,1136235,,,,,
	2026-02-12 14:08:31.990,1,0,1,0,1134808,1134802,22.600000381469727,1136236,,,,,
	2026-02-12 14:08:32.989,1,0,1,0,1134810,1134804,22.600000381469727,1136238,,,,,
	2026-02-12 14:08:33.989,1,0,1,0,1134812,1134806,22.600000381469727,1136240,,,,,
	2026-02-12 14:08:34.991,1,0,1,0,1134815,1134809,22.600000381469727,1136243,,,,,
	2026-02-12 14:08:35.990,1,0,1,0,1134817,1134811,22.600000381469727,1136245,,,,,
	2026-02-12 14:08:36.990,1,0,1,0,1134819,1134813,22.600000381469727,1136247,,,,,
	2026-02-12 14:08:37.989,1,0,1,0,1134820,1134814,22.600000381469727,1136248,,,,,
	2026-02-12 14:08:38.992,1,0,1,0,1134822,1134816,22.600000381469727,1136250,,,,,
	2026-02-12 14:08:39.990,1,0,1,0,1134824,1134818,22.600000381469727,1136252,,,,,
	2026-02-12 14:08:40.989,1,0,1,0,1134825,1134819,22.600000381469727,1136253,,,,,
	2026-02-12 14:08:41.989,1,0,1,0,1134828,1134822,22.600000381469727,1136256,,,,,
	2026-02-12 14:08:42.990,1,0,1,0,1134830,1134824,22.600000381469727,1136258,,,,,
	2026-02-12 14:08:43.989,1,0,1,0,1134832,1134826,22.600000381469727,1136260,,,,,
	2026-02-12 14:08:44.989,1,0,1,0,1134834,1134828,22.600000381469727,1136262,,,,,
	2026-02-12 14:08:45.991,1,0,1,0,1134835,1134829,22.600000381469727,1136263,,,,,
	2026-02-12 14:08:46.989,1,0,1,0,1134837,1134831,22.600000381469727,1136265,,,,,
	2026-02-12 14:08:47.990,1,0,1,0,1134840,1134834,22.600000381469727,1136268,,,,,
	2026-02-12 14:08:48.990,1,0,1,0,1134842,1134836,22.600000381469727,1136270,,,,,
	2026-02-12 14:08:49.992,1,0,1,0,1134843,1134837,22.600000381469727,1136271,,,,,
	2026-02-12 14:08:50.990,1,0,1,0,1134845,1134839,22.600000381469727,1136273,,,,,
	2026-02-12 14:08:51.989,1,0,1,0,1134847,1134841,22.600000381469727,1136275,,,,,
	2026-02-12 14:08:52.992,1,0,1,0,1134850,1134844,22.600000381469727,1136278,,,,,
	2026-02-12 14:08:53.990,1,0,1,0,1134851,1134845,22.600000381469727,1136279,,,,,
	2026-02-12 14:08:54.990,1,0,1,0,1134853,1134847,22.600000381469727,1136281,,,,,
	2026-02-12 14:08:55.992,1,0,1,0,1134855,1134849,22.600000381469727,1136283,,,,,
	2026-02-12 14:08:56.990,1,0,1,0,1134856,1134850,22.600000381469727,1136284,,,,,
	2026-02-12 14:08:57.991,1,0,1,0,1134858,1134852,22.600000381469727,1136286,,,,,
	2026-02-12 14:08:58.990,1,0,1,0,1134861,1134855,22.600000381469727,1136289,,,,,
	2026-02-12 14:08:59.990,1,0,1,0,1134863,1134857,22.600000381469727,1136291,,,,,
	2026-02-12 14:09:00.990,1,0,1,0,1134864,1134858,22.600000381469727,1136292,,,,,
	2026-02-12 14:09:01.991,1,0,1,0,1134866,1134860,22.600000381469727,1136294,,,,,
	2026-02-12 14:09:02.989,1,0,1,0,1134868,1134862,22.600000381469727,1136296,,,,,
	2026-02-12 14:09:03.990,1,0,1,0,1134869,1134863,22.600000381469727,1136297,,,,,
	2026-02-12 14:09:04.990,1,0,1,0,1134873,1134867,22.600000381469727,1136301,,,,,
	2026-02-12 14:09:05.991,1,0,1,0,1134874,1134868,22.600000381469727,1136302,,,,,
	2026-02-12 14:09:06.990,1,0,1,0,1134876,1134870,22.600000381469727,1136304,,,,,
	2026-02-12 14:09:07.989,1,0,1,0,1134878,1134872,22.600000381469727,1136306,,,,,
	2026-02-12 14:09:08.989,1,0,1,0,1134879,1134873,22.600000381469727,1136307,,,,,
	2026-02-12 14:09:09.990,1,0,1,0,1134881,1134875,22.600000381469727,1136309,,,,,
	2026-02-12 14:09:10.989,1,0,1,0,1134884,1134878,22.600000381469727,1136312,,,,,
	2026-02-12 14:09:11.991,1,0,1,0,1134886,1134880,22.600000381469727,1136314,,,,,
	2026-02-12 14:09:12.991,1,0,1,0,1134888,1134882,22.600000381469727,1136316,,,,,
	2026-02-12 14:09:13.992,1,0,1,0,1134889,1134883,22.600000381469727,1136317,,,,,
	2026-02-12 14:09:14.991,1,0,1,0,1134891,1134885,22.600000381469727,1136319,,,,,
	2026-02-12 14:09:15.990,1,0,1,0,1134893,1134887,22.600000381469727,1136321,,,,,
	2026-02-12 14:09:16.989,1,0,1,0,1134894,1134888,22.600000381469727,1136322,,,,,
	2026-02-12 14:09:17.989,1,0,1,0,1134898,1134892,22.600000381469727,1136326,,,,,
	2026-02-12 14:09:18.991,1,0,1,0,1134899,1134893,22.600000381469727,1136327,,,,,
	2026-02-12 14:09:19.992,1,0,1,0,1134901,1134895,22.600000381469727,1136329,,,,,
	2026-02-12 14:09:20.991,1,0,1,0,1134902,1134896,22.600000381469727,1136330,,,,,
	2026-02-12 14:09:21.991,1,0,1,0,1134904,1134898,22.600000381469727,1136332,,,,,
	2026-02-12 14:09:22.991,1,0,1,0,1134907,1134901,22.600000381469727,1136335,,,,,
	2026-02-12 14:09:23.990,1,0,1,0,1134909,1134903,22.600000381469727,1136337,,,,,
	2026-02-12 14:09:24.989,1,0,1,0,1134910,1134904,22.600000381469727,1136338,,,,,
	2026-02-12 14:09:25.990,1,0,1,0,1134912,1134906,22.600000381469727,1136340,,,,,
	2026-02-12 14:09:26.989,1,0,1,0,1134913,1134907,22.600000381469727,1136341,,,,,
	2026-02-12 14:09:27.991,1,0,1,0,1134917,1134911,22.600000381469727,1136345,,,,,
	2026-02-12 14:09:28.990,1,0,1,0,1134918,1134912,22.600000381469727,1136346,,,,,
	2026-02-12 14:09:29.990,1,0,1,0,1134920,1134914,22.600000381469727,1136348,,,,,
	2026-02-12 14:09:30.990,1,0,1,0,1134922,1134916,22.600000381469727,1136350,,,,,
	2026-02-12 14:09:31.991,1,0,1,0,1134923,1134917,22.600000381469727,1136351,,,,,
	2026-02-12 14:09:32.991,1,0,1,0,1134926,1134920,22.600000381469727,1136354,,,,,
	2026-02-12 14:09:33.989,1,0,1,0,1134928,1134922,22.600000381469727,1136356,,,,,
	2026-02-12 14:09:34.991,1,0,1,0,1134930,1134924,22.600000381469727,1136358,,,,,
	2026-02-12 14:09:35.991,1,0,1,0,1134931,1134925,22.600000381469727,1136359,,,,,
	2026-02-12 14:09:36.990,1,0,1,0,1134933,1134927,22.600000381469727,1136361,,,,,
	2026-02-12 14:09:37.989,1,0,1,0,1134935,1134929,22.600000381469727,1136363,,,,,
	2026-02-12 14:09:38.989,1,0,1,0,1134938,1134932,22.600000381469727,1136366,,,,,
	2026-02-12 14:09:39.990,1,0,1,0,1134939,1134933,22.600000381469727,1136367,,,,,
	2026-02-12 14:09:40.991,1,0,1,0,1134941,1134935,22.600000381469727,1136369,,,,,
	2026-02-12 14:09:41.989,1,0,1,0,1134943,1134937,22.600000381469727,1136371,,,,,
	2026-02-12 14:09:42.989,1,0,1,0,1134944,1134938,22.600000381469727,1136372,,,,,
	2026-02-12 14:09:43.989,1,0,1,0,1134947,1134941,22.600000381469727,1136375,,,,,
	2026-02-12 14:09:44.992,1,0,1,0,1134949,1134943,22.600000381469727,1136377,,,,,
	2026-02-12 14:09:45.990,1,0,1,0,1134951,1134945,22.600000381469727,1136379,,,,,
	2026-02-12 14:09:46.990,1,0,1,0,1134953,1134947,22.600000381469727,1136381,,,,,
	2026-02-12 14:09:47.989,1,0,1,0,1134954,1134948,22.600000381469727,1136382,,,,,
	2026-02-12 14:09:48.990,1,0,1,0,1134956,1134950,22.600000381469727,1136384,,,,,
	2026-02-12 14:09:49.989,1,0,1,0,1134957,1134951,22.600000381469727,1136385,,,,,
	2026-02-12 14:09:50.990,1,0,1,0,1134961,1134955,22.600000381469727,1136389,,,,,
	2026-02-12 14:09:51.991,1,0,1,0,1134963,1134957,22.600000381469727,1136391,,,,,
	2026-02-12 14:09:52.989,1,0,1,0,1134964,1134958,22.600000381469727,1136392,,,,,
	2026-02-12 14:09:53.989,1,0,1,0,1134966,1134960,22.600000381469727,1136394,,,,,
	2026-02-12 14:09:54.990,1,0,1,0,1134968,1134962,22.600000381469727,1136396,,,,,
	2026-02-12 14:09:55.992,1,0,1,0,1134969,1134963,22.600000381469727,1136397,,,,,
	2026-02-12 14:09:56.992,1,0,1,0,1134972,1134966,22.600000381469727,1136400,,,,,
	2026-02-12 14:09:57.989,1,0,1,0,1134974,1134968,22.600000381469727,1136402,,,,,
	2026-02-12 14:09:58.991,1,0,1,0,1134976,1134970,22.600000381469727,1136404,,,,,
	2026-02-12 14:09:59.990,1,0,1,0,1134977,1134971,22.600000381469727,1136405,,,,,
	2026-02-12 14:10:00.991,1,0,1,0,1134979,1134973,22.600000381469727,1136407,,,,,
	2026-02-12 14:10:01.991,1,0,1,0,1134982,1134976,22.600000381469727,1136410,,,,,
	2026-02-12 14:10:02.989,1,0,1,0,1134984,1134978,22.600000381469727,1136412,,,,,
	2026-02-12 14:10:03.989,1,0,1,0,1134985,1134979,22.600000381469727,1136413,,,,,
	2026-02-12 14:10:04.990,1,0,1,0,1134987,1134981,22.600000381469727,1136415,,,,,
	2026-02-12 14:10:05.990,1,0,1,0,1134989,1134983,22.600000381469727,1136417,,,,,
	2026-02-12 14:10:06.991,1,0,1,0,1134990,1134984,22.600000381469727,1136418,,,,,
	2026-02-12 14:10:07.993,1,0,1,0,1134994,1134988,22.600000381469727,1136422,,,,,
	2026-02-12 14:10:08.989,1,0,1,0,1134995,1134989,22.600000381469727,1136423,,,,,
	2026-02-12 14:10:09.992,1,0,1,0,1134997,1134991,22.600000381469727,1136425,,,,,
	2026-02-12 14:10:10.991,1,0,1,0,1134998,1134992,22.600000381469727,1136426,,,,,
	2026-02-12 14:10:11.991,1,0,1,0,1135000,1134994,22.600000381469727,1136428,,,,,
	2026-02-12 14:10:12.989,1,0,1,0,1135003,1134997,22.600000381469727,1136431,,,,,
	2026-02-12 14:10:13.992,1,0,1,0,1135005,1134999,22.600000381469727,1136433,,,,,
	2026-02-12 14:10:14.992,1,0,1,0,1135007,1135001,22.600000381469727,1136435,,,,,
	2026-02-12 14:10:15.989,1,0,1,0,1135008,1135002,22.600000381469727,1136436,,,,,
	2026-02-12 14:10:16.992,1,0,1,0,1135010,1135004,22.600000381469727,1136438,,,,,
	2026-02-12 14:10:17.990,1,0,1,0,1135013,1135007,22.600000381469727,1136441,,,,,
	2026-02-12 14:10:18.989,1,0,1,0,1135014,1135008,22.600000381469727,1136442,,,,,
	2026-02-12 14:10:19.991,1,0,1,0,1135016,1135010,22.600000381469727,1136444,,,,,
	2026-02-12 14:10:20.989,1,0,1,0,1135018,1135012,22.600000381469727,1136446,,,,,
	2026-02-12 14:10:21.992,1,0,1,0,1135019,1135013,22.600000381469727,1136447,,,,,
	2026-02-12 14:10:22.992,1,0,1,0,1135023,1135017,22.600000381469727,1136451,,,,,
	2026-02-12 14:10:23.989,1,0,1,0,1135024,1135018,22.600000381469727,1136452,,,,,
	2026-02-12 14:10:24.990,1,0,1,0,1135026,1135020,22.600000381469727,1136454,,,,,
	2026-02-12 14:10:25.992,1,0,1,0,1135028,1135022,22.600000381469727,1136456,,,,,
	2026-02-12 14:10:26.991,1,0,1,0,1135029,1135023,22.600000381469727,1136457,,,,,
	2026-02-12 14:10:27.989,1,0,1,0,1135031,1135025,22.600000381469727,1136459,,,,,
	2026-02-12 14:10:28.990,1,0,1,0,1135034,1135028,22.600000381469727,1136462,,,,,
	2026-02-12 14:10:29.991,1,0,1,0,1135035,1135029,22.600000381469727,1136463,,,,,
	2026-02-12 14:10:30.990,1,0,1,0,1135037,1135031,22.600000381469727,1136465,,,,,
	2026-02-12 14:10:31.992,1,0,1,0,1135039,1135033,22.600000381469727,1136467,,,,,
	2026-02-12 14:10:32.992,1,0,1,0,1135040,1135034,22.600000381469727,1136468,,,,,
	2026-02-12 14:10:33.989,1,0,1,0,1135044,1135038,22.600000381469727,1136472,,,,,
	2026-02-12 14:10:34.991,1,0,1,0,1135045,1135039,22.600000381469727,1136473,,,,,
	2026-02-12 14:10:35.989,1,0,1,0,1135047,1135041,22.600000381469727,1136475,,,,,
	2026-02-12 14:10:36.990,1,0,1,0,1135049,1135043,22.600000381469727,1136477,,,,,
	2026-02-12 14:10:37.990,1,0,1,0,1135050,1135044,22.600000381469727,1136478,,,,,
	2026-02-12 14:10:38.989,1,0,1,0,1135052,1135046,22.600000381469727,1136480,,,,,
	2026-02-12 14:10:39.990,1,0,1,0,1135053,1135047,22.600000381469727,1136481,,,,,
	2026-02-12 14:10:40.991,1,0,1,0,1135057,1135051,22.600000381469727,1136485,,,,,
	2026-02-12 14:10:41.992,1,0,1,0,1135058,1135052,22.600000381469727,1136486,,,,,
	2026-02-12 14:10:42.990,1,0,1,0,1135060,1135054,22.600000381469727,1136488,,,,,
	2026-02-12 14:10:43.990,1,0,1,0,1135061,1135055,22.600000381469727,1136489,,,,,
	2026-02-12 14:10:44.991,1,0,1,0,1135063,1135057,22.600000381469727,1136491,,,,,
	2026-02-12 14:10:45.990,1,0,1,0,1135066,1135060,22.600000381469727,1136494,,,,,
	2026-02-12 14:10:46.991,1,0,1,0,1135068,1135062,22.600000381469727,1136496,,,,,
	2026-02-12 14:10:47.989,1,0,1,0,1135070,1135064,22.600000381469727,1136498,,,,,
	2026-02-12 14:10:48.994,1,0,1,0,1135071,1135065,22.600000381469727,1136499,,,,,
	2026-02-12 14:10:49.990,1,0,1,0,1135073,1135067,22.600000381469727,1136501,,,,,
	2026-02-12 14:10:50.990,1,0,1,0,1135074,1135068,22.600000381469727,1136502,,,,,
	2026-02-12 14:10:51.990,1,0,1,0,1135078,1135072,22.600000381469727,1136506,,,,,
	2026-02-12 14:10:52.991,1,0,1,0,1135079,1135073,22.600000381469727,1136507,,,,,
	2026-02-12 14:10:53.990,1,0,1,0,1135081,1135075,22.600000381469727,1136509,,,,,
	2026-02-12 14:10:54.990,1,0,1,0,1135083,1135077,22.600000381469727,1136511,,,,,
	2026-02-12 14:10:55.992,1,0,1,0,1135084,1135078,22.600000381469727,1136512,,,,,
	2026-02-12 14:10:56.989,1,0,1,0,1135088,1135082,22.600000381469727,1136516,,,,,
	2026-02-12 14:10:57.991,1,0,1,0,1135089,1135083,22.600000381469727,1136517,,,,,
	2026-02-12 14:10:58.992,1,0,1,0,1135091,1135085,22.600000381469727,1136519,,,,,
	2026-02-12 14:10:59.990,1,0,1,0,1135093,1135087,22.600000381469727,1136521,,,,,
	2026-02-12 14:11:00.991,1,0,1,0,1135094,1135088,22.600000381469727,1136522,,,,,
	2026-02-12 14:11:01.991,1,0,1,0,1135097,1135091,22.600000381469727,1136525,,,,,
	2026-02-12 14:11:02.989,1,0,1,0,1135099,1135093,22.600000381469727,1136527,,,,,
	2026-02-12 14:11:03.990,1,0,1,0,1135100,1135094,22.600000381469727,1136528,,,,,
	2026-02-12 14:11:04.990,1,0,1,0,1135102,1135096,22.600000381469727,1136530,,,,,
	2026-02-12 14:11:05.990,1,0,1,0,1135104,1135098,22.600000381469727,1136532,,,,,
	2026-02-12 14:11:06.990,1,0,1,0,1135107,1135101,22.600000381469727,1136535,,,,,
	2026-02-12 14:11:07.989,1,0,1,0,1135108,1135102,22.600000381469727,1136536,,,,,
	2026-02-12 14:11:08.989,1,0,1,0,1135110,1135104,22.600000381469727,1136538,,,,,
	2026-02-12 14:11:09.991,1,0,1,0,1135112,1135106,22.600000381469727,1136540,,,,,
	2026-02-12 14:11:10.989,1,0,1,0,1135113,1135107,22.600000381469727,1136541,,,,,
	2026-02-12 14:11:11.990,1,0,1,0,1135116,1135110,22.600000381469727,1136544,,,,,
	2026-02-12 14:11:12.989,1,0,1,0,1135118,1135112,22.600000381469727,1136546,,,,,
	2026-02-12 14:11:13.991,1,0,1,0,1135120,1135114,22.600000381469727,1136548,,,,,
	2026-02-12 14:11:14.989,1,0,1,0,1135121,1135115,22.600000381469727,1136549,,,,,
	2026-02-12 14:11:15.989,1,0,1,0,1135123,1135117,22.600000381469727,1136551,,,,,
	2026-02-12 14:11:16.991,1,0,1,0,1135125,1135119,22.600000381469727,1136553,,,,,
	2026-02-12 14:11:17.990,1,0,1,0,1135128,1135122,22.600000381469727,1136556,,,,,
	2026-02-12 14:11:18.991,1,0,1,0,1135129,1135123,22.600000381469727,1136557,,,,,
	2026-02-12 14:11:19.989,1,0,1,0,1135131,1135125,22.600000381469727,1136559,,,,,
	2026-02-12 14:11:20.992,1,0,1,0,1135133,1135127,22.600000381469727,1136561,,,,,
	2026-02-12 14:11:21.990,1,0,1,0,1135134,1135128,22.600000381469727,1136562,,,,,
	2026-02-12 14:11:22.989,1,0,1,0,1135136,1135130,22.600000381469727,1136564,,,,,
	2026-02-12 14:11:23.989,1,0,1,0,1135139,1135133,22.600000381469727,1136567,,,,,
	2026-02-12 14:11:24.990,1,0,1,0,1135141,1135135,22.600000381469727,1136569,,,,,
	2026-02-12 14:11:25.991,1,0,1,0,1135142,1135136,22.600000381469727,1136570,,,,,
	2026-02-12 14:11:26.991,1,0,1,0,1135144,1135138,22.600000381469727,1136572,,,,,
	2026-02-12 14:11:27.989,1,0,1,0,1135147,1135141,22.600000381469727,1136575,,,,,
	2026-02-12 14:11:28.989,1,0,1,0,1135149,1135143,22.600000381469727,1136577,,,,,
	2026-02-12 14:11:29.991,1,0,1,0,1135150,1135144,22.600000381469727,1136578,,,,,
	2026-02-12 14:11:30.991,1,0,1,0,1135152,1135146,22.600000381469727,1136580,,,,,
	2026-02-12 14:11:31.991,1,0,1,0,1135153,1135147,22.600000381469727,1136581,,,,,
	2026-02-12 14:11:32.991,1,0,1,0,1135157,1135151,22.600000381469727,1136585,,,,,
	2026-02-12 14:11:33.992,1,0,1,0,1135158,1135152,22.600000381469727,1136586,,,,,
	2026-02-12 14:11:34.990,1,0,1,0,1135160,1135154,22.600000381469727,1136588,,,,,
	2026-02-12 14:11:35.992,1,0,1,0,1135161,1135155,22.600000381469727,1136589,,,,,
	2026-02-12 14:11:36.989,1,0,1,0,1135164,1135158,22.600000381469727,1136592,,,,,
	2026-02-12 14:11:37.991,1,0,1,0,1135166,1135160,22.600000381469727,1136594,,,,,
	2026-02-12 14:11:38.990,1,0,1,0,1135167,1135161,22.600000381469727,1136595,,,,,
	2026-02-12 14:11:39.990,1,0,1,0,1135169,1135163,22.600000381469727,1136597,,,,,
	2026-02-12 14:11:40.990,1,0,1,0,1135170,1135164,22.600000381469727,1136598,,,,,
	2026-02-12 14:11:41.991,1,0,1,0,1135174,1135168,22.600000381469727,1136602,,,,,
	2026-02-12 14:11:42.990,1,0,1,0,1135175,1135169,22.600000381469727,1136603,,,,,
	2026-02-12 14:11:43.991,1,0,1,0,1135177,1135171,22.600000381469727,1136605,,,,,
	2026-02-12 14:11:44.991,1,0,1,0,1135178,1135172,22.600000381469727,1136606,,,,,
	2026-02-12 14:11:45.990,1,0,1,0,1135180,1135174,22.600000381469727,1136608,,,,,
	2026-02-12 14:11:46.990,1,0,1,0,1135183,1135177,22.600000381469727,1136611,,,,,
	2026-02-12 14:11:47.992,1,0,1,0,1135185,1135179,22.600000381469727,1136613,,,,,
	2026-02-12 14:11:48.989,1,0,1,0,1135186,1135180,22.600000381469727,1136614,,,,,
	2026-02-12 14:11:49.990,1,0,1,0,1135188,1135182,22.600000381469727,1136616,,,,,
	2026-02-12 14:11:50.991,1,0,1,0,1135189,1135183,22.600000381469727,1136617,,,,,
	2026-02-12 14:11:51.990,1,0,1,0,1135193,1135187,22.600000381469727,1136621,,,,,
	2026-02-12 14:11:52.992,1,0,1,0,1135194,1135188,22.600000381469727,1136622,,,,,
	2026-02-12 14:11:53.990,1,0,1,0,1135196,1135190,22.600000381469727,1136624,,,,,
	2026-02-12 14:11:54.991,1,0,1,0,1135197,1135191,22.600000381469727,1136625,,,,,
	2026-02-12 14:11:55.993,1,0,1,0,1135200,1135194,22.600000381469727,1136628,,,,,
	2026-02-12 14:11:56.992,1,0,1,0,1135202,1135196,22.600000381469727,1136630,,,,,
	2026-02-12 14:11:57.990,1,0,1,0,1135203,1135197,22.600000381469727,1136631,,,,,
	2026-02-12 14:11:58.992,1,0,1,0,1135205,1135199,22.600000381469727,1136633,,,,,
	2026-02-12 14:11:59.991,1,0,1,0,1135208,1135202,22.600000381469727,1136636,,,,,
	2026-02-12 14:12:00.990,1,0,1,0,1135209,1135203,22.600000381469727,1136637,,,,,
	2026-02-12 14:12:01.990,1,0,1,0,1135211,1135205,22.600000381469727,1136639,,,,,
	2026-02-12 14:12:02.991,1,0,1,0,1135212,1135206,22.600000381469727,1136640,,,,,
	2026-02-12 14:12:03.990,1,0,1,0,1135215,1135209,22.600000381469727,1136643,,,,,
	2026-02-12 14:12:04.991,1,0,1,0,1135217,1135211,22.600000381469727,1136645,,,,,
	2026-02-12 14:12:05.990,1,0,1,0,1135218,1135212,22.600000381469727,1136646,,,,,
	2026-02-12 14:12:06.989,1,0,1,0,1135221,1135215,22.600000381469727,1136649,,,,,
	2026-02-12 14:12:07.989,1,0,1,0,1135223,1135217,22.600000381469727,1136651,,,,,
	2026-02-12 14:12:08.990,1,0,1,0,1135224,1135218,22.600000381469727,1136652,,,,,
	2026-02-12 14:12:09.991,1,0,1,0,1135226,1135220,22.600000381469727,1136654,,,,,
	2026-02-12 14:12:10.991,1,0,1,0,1135229,1135223,22.600000381469727,1136657,,,,,
	2026-02-12 14:12:11.990,1,0,1,0,1135231,1135225,22.600000381469727,1136659,,,,,
	2026-02-12 14:12:12.991,1,0,1,0,1135232,1135226,22.600000381469727,1136660,,,,,
	2026-02-12 14:12:13.989,1,0,1,0,1135234,1135228,22.600000381469727,1136662,,,,,
	2026-02-12 14:12:14.991,1,0,1,0,1135237,1135231,22.600000381469727,1136665,,,,,
	2026-02-12 14:12:15.991,1,0,1,0,1135238,1135232,22.600000381469727,1136666,,,,,
	2026-02-12 14:12:16.992,1,0,1,0,1135240,1135234,22.600000381469727,1136668,,,,,
	2026-02-12 14:12:17.991,1,0,1,0,1135243,1135237,22.600000381469727,1136671,,,,,
	2026-02-12 14:12:18.989,1,0,1,0,1135244,1135238,22.600000381469727,1136672,,,,,
	2026-02-12 14:12:19.992,1,0,1,0,1135246,1135240,22.600000381469727,1136674,,,,,
	2026-02-12 14:12:20.991,1,0,1,0,1135247,1135241,22.600000381469727,1136675,,,,,
	2026-02-12 14:12:21.991,1,0,1,0,1135250,1135244,22.600000381469727,1136678,,,,,
	2026-02-12 14:12:22.991,1,0,1,0,1135252,1135246,22.600000381469727,1136680,,,,,
	2026-02-12 14:12:23.993,1,0,1,0,1135253,1135247,22.600000381469727,1136681,,,,,
	2026-02-12 14:12:24.990,1,0,1,0,1135255,1135249,22.600000381469727,1136683,,,,,
	2026-02-12 14:12:25.990,1,0,1,0,1135258,1135252,22.600000381469727,1136686,,,,,
	2026-02-12 14:12:26.994,1,0,1,0,1135259,1135253,22.600000381469727,1136687,,,,,
	2026-02-12 14:12:27.990,1,0,1,0,1135261,1135255,22.600000381469727,1136689,,,,,
	2026-02-12 14:12:28.990,1,0,1,0,1135263,1135257,22.600000381469727,1136691,,,,,
	2026-02-12 14:12:29.990,1,0,1,0,1135266,1135260,22.600000381469727,1136694,,,,,
	2026-02-12 14:12:30.991,1,0,1,0,1135267,1135261,22.600000381469727,1136695,,,,,
	2026-02-12 14:12:31.992,1,0,1,0,1135268,1135262,22.600000381469727,1136696,,,,,
	2026-02-12 14:12:32.990,1,0,1,0,1135270,1135264,22.600000381469727,1136698,,,,,
	2026-02-12 14:12:33.990,1,0,1,0,1135273,1135267,22.600000381469727,1136701,,,,,
	2026-02-12 14:12:34.992,1,0,1,0,1135275,1135269,22.600000381469727,1136703,,,,,
	2026-02-12 14:12:35.990,1,0,1,0,1135276,1135270,22.600000381469727,1136704,,,,,
	2026-02-12 14:12:36.993,1,0,1,0,1135278,1135272,22.600000381469727,1136706,,,,,
	2026-02-12 14:12:37.992,1,0,1,0,1135281,1135275,22.600000381469727,1136709,,,,,
	2026-02-12 14:12:38.992,1,0,1,0,1135282,1135276,22.600000381469727,1136710,,,,,
	2026-02-12 14:12:39.989,1,0,1,0,1135284,1135278,22.600000381469727,1136712,,,,,
	2026-02-12 14:12:40.991,1,0,1,0,1135285,1135279,22.600000381469727,1136713,,,,,
	2026-02-12 14:12:41.992,1,0,1,0,1135288,1135282,22.600000381469727,1136716,,,,,
	2026-02-12 14:12:42.990,1,0,1,0,1135290,1135284,22.600000381469727,1136718,,,,,
	2026-02-12 14:12:43.989,1,0,1,0,1135291,1135285,22.600000381469727,1136719,,,,,
	2026-02-12 14:12:44.991,1,0,1,0,1135294,1135288,22.600000381469727,1136722,,,,,
	2026-02-12 14:12:45.991,1,0,1,0,1135296,1135290,22.600000381469727,1136724,,,,,
	2026-02-12 14:12:46.992,1,0,1,0,1135297,1135291,22.600000381469727,1136725,,,,,
	2026-02-12 14:12:47.991,1,0,1,0,1135299,1135293,22.600000381469727,1136727,,,,,
	2026-02-12 14:12:48.991,1,0,1,0,1135302,1135296,22.600000381469727,1136730,,,,,
	2026-02-12 14:12:49.991,1,0,1,0,1135303,1135297,22.600000381469727,1136731,,,,,
	2026-02-12 14:12:50.990,1,0,1,0,1135305,1135299,22.600000381469727,1136733,,,,,
	2026-02-12 14:12:51.991,1,0,1,0,1135306,1135300,22.600000381469727,1136734,,,,,
	2026-02-12 14:12:52.991,1,0,1,0,1135308,1135302,22.600000381469727,1136736,,,,,
	2026-02-12 14:12:53.990,1,0,1,0,1135311,1135305,22.600000381469727,1136739,,,,,
	2026-02-12 14:12:54.989,1,0,1,0,1135312,1135306,22.600000381469727,1136740,,,,,
	2026-02-12 14:12:55.992,1,0,1,0,1135314,1135308,22.600000381469727,1136742,,,,,
	2026-02-12 14:12:56.991,1,0,1,0,1135315,1135309,22.600000381469727,1136743,,,,,
	2026-02-12 14:12:57.991,1,0,1,0,1135317,1135311,22.600000381469727,1136745,,,,,
	2026-02-12 14:12:58.991,1,0,1,0,1135320,1135314,22.600000381469727,1136748,,,,,
	2026-02-12 14:12:59.991,1,0,1,0,1135322,1135316,22.600000381469727,1136750,,,,,
	2026-02-12 14:13:00.990,1,0,1,0,1135324,1135318,22.600000381469727,1136752,,,,,
	2026-02-12 14:13:01.989,1,0,1,0,1135325,1135319,22.600000381469727,1136753,,,,,
	2026-02-12 14:13:02.991,1,0,1,0,1135327,1135321,22.600000381469727,1136755,,,,,
	2026-02-12 14:13:03.990,1,0,1,0,1135330,1135324,22.600000381469727,1136758,,,,,
	2026-02-12 14:13:04.989,1,0,1,0,1135331,1135325,22.600000381469727,1136759,,,,,
	2026-02-12 14:13:05.990,1,0,1,0,1135333,1135327,22.600000381469727,1136761,,,,,
	2026-02-12 14:13:06.989,1,0,1,0,1135335,1135329,22.600000381469727,1136763,,,,,
	2026-02-12 14:13:07.992,1,0,1,0,1135338,1135332,22.600000381469727,1136766,,,,,
	2026-02-12 14:13:08.991,1,0,1,0,1135339,1135333,22.600000381469727,1136767,,,,,
	2026-02-12 14:13:09.991,1,0,1,0,1135341,1135335,22.600000381469727,1136769,,,,,
	2026-02-12 14:13:10.992,1,0,1,0,1135342,1135336,22.600000381469727,1136770,,,,,
	2026-02-12 14:13:11.991,1,0,1,0,1135344,1135338,22.600000381469727,1136772,,,,,
	2026-02-12 14:13:12.989,1,0,1,0,1135347,1135341,22.600000381469727,1136775,,,,,
	2026-02-12 14:13:13.991,1,0,1,0,1135348,1135342,22.600000381469727,1136776,,,,,
	2026-02-12 14:13:14.991,1,0,1,0,1135350,1135344,22.600000381469727,1136778,,,,,
	2026-02-12 14:13:15.991,1,0,1,0,1135351,1135345,22.600000381469727,1136779,,,,,
	2026-02-12 14:13:16.991,1,0,1,0,1135354,1135348,22.600000381469727,1136782,,,,,
	2026-02-12 14:13:17.991,1,0,1,0,1135356,1135350,22.600000381469727,1136784,,,,,
	2026-02-12 14:13:18.991,1,0,1,0,1135357,1135351,22.600000381469727,1136785,,,,,
	2026-02-12 14:13:19.992,1,0,1,0,1135359,1135353,22.600000381469727,1136787,,,,,
	2026-02-12 14:13:20.993,1,0,1,0,1135362,1135356,22.600000381469727,1136790,,,,,
	2026-02-12 14:13:21.990,1,0,1,0,1135363,1135357,22.600000381469727,1136791,,,,,
	2026-02-12 14:13:22.989,1,0,1,0,1135365,1135359,22.600000381469727,1136793,,,,,
	2026-02-12 14:13:23.991,1,0,1,0,1135366,1135360,22.600000381469727,1136794,,,,,
	2026-02-12 14:13:24.991,1,0,1,0,1135369,1135363,22.600000381469727,1136797,,,,,
	2026-02-12 14:13:25.990,1,0,1,0,1135371,1135365,22.600000381469727,1136799,,,,,
	2026-02-12 14:13:26.991,1,0,1,0,1135373,1135367,22.600000381469727,1136801,,,,,
	2026-02-12 14:13:27.994,1,0,1,0,1135376,1135370,22.600000381469727,1136804,,,,,
	2026-02-12 14:13:28.989,1,0,1,0,1135377,1135371,22.600000381469727,1136805,,,,,
	2026-02-12 14:13:29.991,1,0,1,0,1135379,1135373,22.600000381469727,1136807,,,,,
	2026-02-12 14:13:30.990,1,0,1,0,1135380,1135374,22.600000381469727,1136808,,,,,
	2026-02-12 14:13:31.992,1,0,1,0,1135383,1135377,22.600000381469727,1136811,,,,,
	2026-02-12 14:13:32.991,1,0,1,0,1135385,1135379,22.600000381469727,1136813,,,,,
	2026-02-12 14:13:33.990,1,0,1,0,1135386,1135380,22.600000381469727,1136814,,,,,
	2026-02-12 14:13:34.989,1,0,1,0,1135388,1135382,22.600000381469727,1136816,,,,,
	2026-02-12 14:13:35.993,1,0,1,0,1135391,1135385,22.600000381469727,1136819,,,,,
	2026-02-12 14:13:36.991,1,0,1,0,1135392,1135386,22.600000381469727,1136820,,,,,
	2026-02-12 14:13:37.991,1,0,1,0,1135394,1135388,22.600000381469727,1136822,,,,,
	2026-02-12 14:13:38.990,1,0,1,0,1135395,1135389,22.600000381469727,1136823,,,,,
	2026-02-12 14:13:39.990,1,0,1,0,1135398,1135392,22.600000381469727,1136826,,,,,
	2026-02-12 14:13:40.989,1,0,1,0,1135400,1135394,22.600000381469727,1136828,,,,,
	2026-02-12 14:13:41.992,1,0,1,0,1135401,1135395,22.600000381469727,1136829,,,,,
	2026-02-12 14:13:42.989,1,0,1,0,1135403,1135397,22.600000381469727,1136831,,,,,
	2026-02-12 14:13:43.991,1,0,1,0,1135406,1135400,22.600000381469727,1136834,,,,,
	2026-02-12 14:13:44.991,1,0,1,0,1135407,1135401,22.600000381469727,1136835,,,,,
	2026-02-12 14:13:45.991,1,0,1,0,1135409,1135403,22.600000381469727,1136837,,,,,
	2026-02-12 14:13:46.991,1,0,1,0,1135412,1135406,22.600000381469727,1136840,,,,,
	2026-02-12 14:13:47.991,1,0,1,0,1135413,1135407,22.600000381469727,1136841,,,,,
	2026-02-12 14:13:48.990,1,0,1,0,1135415,1135409,22.600000381469727,1136843,,,,,
	2026-02-12 14:13:50.156,1,0,1,0,1135418,1135412,22.600000381469727,1136846,,,,,
	2026-02-12 14:13:50.992,1,0,1,0,1135420,1135414,22.600000381469727,1136848,,,,,
	2026-02-12 14:13:51.992,1,0,1,0,1135421,1135415,22.600000381469727,1136849,,,,,
	2026-02-12 14:13:52.992,1,0,1,0,1135423,1135417,22.600000381469727,1136851,,,,,
	2026-02-12 14:13:53.991,1,0,1,0,1135424,1135418,22.600000381469727,1136852,,,,,
	2026-02-12 14:13:54.990,1,0,1,0,1135427,1135421,22.600000381469727,1136855,,,,,
	2026-02-12 14:13:55.991,1,0,1,0,1135429,1135423,22.600000381469727,1136857,,,,,
	2026-02-12 14:13:56.990,1,0,1,0,1135430,1135424,22.600000381469727,1136858,,,,,
	2026-02-12 14:13:57.990,1,0,1,0,1135432,1135426,22.600000381469727,1136860,,,,,
	2026-02-12 14:13:58.990,1,0,1,0,1135435,1135429,22.600000381469727,1136863,,,,,
	2026-02-12 14:13:59.990,1,0,1,0,1135436,1135430,22.600000381469727,1136864,,,,,
	2026-02-12 14:14:00.991,1,0,1,0,1135438,1135432,22.600000381469727,1136866,,,,,
	2026-02-12 14:14:01.989,1,0,1,0,1135439,1135433,22.600000381469727,1136867,,,,,
	2026-02-12 14:14:02.989,1,0,1,0,1135442,1135436,22.600000381469727,1136870,,,,,
	2026-02-12 14:14:03.989,1,0,1,0,1135444,1135438,22.600000381469727,1136872,,,,,
	2026-02-12 14:14:05.079,1,0,1,0,1135446,1135440,22.600000381469727,1136874,,,,,
	2026-02-12 14:14:05.990,1,0,1,0,1135447,1135441,22.600000381469727,1136875,,,,,
	2026-02-12 14:14:06.989,1,0,1,0,1135449,1135443,22.600000381469727,1136877,,,,,
	2026-02-12 14:14:07.989,1,0,1,0,1135452,1135446,22.600000381469727,1136880,,,,,
	2026-02-12 14:14:08.991,1,0,1,0,1135453,1135447,22.600000381469727,1136881,,,,,
	2026-02-12 14:14:09.991,1,0,1,0,1135455,1135449,22.600000381469727,1136883,,,,,
	2026-02-12 14:14:10.992,1,0,1,0,1135456,1135450,22.600000381469727,1136884,,,,,
	2026-02-12 14:14:11.991,1,0,1,0,1135459,1135453,22.600000381469727,1136887,,,,,
	2026-02-12 14:14:12.991,1,0,1,0,1135461,1135455,22.600000381469727,1136889,,,,,
	2026-02-12 14:14:13.989,1,0,1,0,1135462,1135456,22.600000381469727,1136890,,,,,
	2026-02-12 14:14:14.991,1,0,1,0,1135464,1135458,22.600000381469727,1136892,,,,,
	2026-02-12 14:14:15.990,1,0,1,0,1135467,1135461,22.600000381469727,1136895,,,,,
	2026-02-12 14:14:16.992,1,0,1,0,1135469,1135463,22.600000381469727,1136897,,,,,
	2026-02-12 14:14:17.990,1,0,1,0,1135470,1135464,22.600000381469727,1136898,,,,,
	2026-02-12 14:14:18.989,1,0,1,0,1135472,1135466,22.600000381469727,1136900,,,,,
	2026-02-12 14:14:19.992,1,0,1,0,1135475,1135469,22.600000381469727,1136903,,,,,
	2026-02-12 14:14:20.990,1,0,1,0,1135476,1135470,22.600000381469727,1136904,,,,,
	2026-02-12 14:14:21.990,1,0,1,0,1135478,1135472,22.600000381469727,1136906,,,,,
	2026-02-12 14:14:22.992,1,0,1,0,1135479,1135473,22.600000381469727,1136907,,,,,
	2026-02-12 14:14:23.990,1,0,1,0,1135482,1135476,22.600000381469727,1136910,,,,,
	2026-02-12 14:14:24.990,1,0,1,0,1135484,1135478,22.600000381469727,1136912,,,,,
	2026-02-12 14:14:25.989,1,0,1,0,1135485,1135479,22.600000381469727,1136913,,,,,
	2026-02-12 14:14:26.990,1,0,1,0,1135488,1135482,22.600000381469727,1136916,,,,,
	2026-02-12 14:14:27.989,1,0,1,0,1135490,1135484,22.600000381469727,1136918,,,,,
	2026-02-12 14:14:28.992,1,0,1,0,1135491,1135485,22.600000381469727,1136919,,,,,
	2026-02-12 14:14:29.991,1,0,1,0,1135493,1135487,22.600000381469727,1136921,,,,,
	2026-02-12 14:14:30.990,1,0,1,0,1135494,1135488,22.600000381469727,1136922,,,,,
	2026-02-12 14:14:31.991,1,0,1,0,1135497,1135491,22.600000381469727,1136925,,,,,
	2026-02-12 14:14:32.991,1,0,1,0,1135499,1135493,22.600000381469727,1136927,,,,,
	2026-02-12 14:14:33.992,1,0,1,0,1135500,1135494,22.600000381469727,1136928,,,,,
	2026-02-12 14:14:34.991,1,0,1,0,1135502,1135496,22.600000381469727,1136930,,,,,
	2026-02-12 14:14:35.992,1,0,1,0,1135505,1135499,22.600000381469727,1136933,,,,,
	2026-02-12 14:14:36.990,1,0,1,0,1135507,1135501,22.600000381469727,1136935,,,,,
	2026-02-12 14:14:37.989,1,0,1,0,1135508,1135502,22.600000381469727,1136936,,,,,
	2026-02-12 14:14:38.990,1,0,1,0,1135510,1135504,22.600000381469727,1136938,,,,,
	2026-02-12 14:14:39.991,1,0,1,0,1135513,1135507,22.600000381469727,1136941,,,,,
	2026-02-12 14:14:40.990,1,0,1,0,1135514,1135508,22.600000381469727,1136942,,,,,
	2026-02-12 14:14:41.991,1,0,1,0,1135516,1135510,22.600000381469727,1136944,,,,,
	2026-02-12 14:14:42.989,1,0,1,0,1135517,1135511,22.600000381469727,1136945,,,,,
	2026-02-12 14:14:43.991,1,0,1,0,1135520,1135514,22.600000381469727,1136948,,,,,
	2026-02-12 14:14:44.991,1,0,1,0,1135522,1135516,22.600000381469727,1136950,,,,,
	2026-02-12 14:14:45.991,1,0,1,0,1135523,1135517,22.600000381469727,1136951,,,,,
	2026-02-12 14:14:46.991,1,0,1,0,1135525,1135519,22.600000381469727,1136953,,,,,
	2026-02-12 14:14:47.991,1,0,1,0,1135528,1135522,22.600000381469727,1136956,,,,,
	2026-02-12 14:14:48.992,1,0,1,0,1135530,1135524,22.600000381469727,1136958,,,,,
	2026-02-12 14:14:49.991,1,0,1,0,1135531,1135525,22.600000381469727,1136959,,,,,
	2026-02-12 14:14:50.991,1,0,1,0,1135533,1135527,22.600000381469727,1136961,,,,,
	2026-02-12 14:14:51.990,1,0,1,0,1135536,1135530,22.600000381469727,1136964,,,,,
	2026-02-12 14:14:52.992,1,0,1,0,1135537,1135531,22.600000381469727,1136965,,,,,
	2026-02-12 14:14:53.989,1,0,1,0,1135539,1135533,22.600000381469727,1136967,,,,,
	2026-02-12 14:14:54.991,1,0,1,0,1135540,1135534,22.600000381469727,1136968,,,,,
	2026-02-12 14:14:55.995,1,0,1,0,1135542,1135536,22.600000381469727,1136970,,,,,
	2026-02-12 14:14:56.990,1,0,1,0,1135545,1135539,22.600000381469727,1136973,,,,,
	2026-02-12 14:14:57.991,1,0,1,0,1135547,1135541,22.600000381469727,1136975,,,,,
	2026-02-12 14:14:58.989,1,0,1,0,1135548,1135542,22.600000381469727,1136976,,,,,
	2026-02-12 14:14:59.990,1,0,1,0,1135550,1135544,22.600000381469727,1136978,,,,,
	2026-02-12 14:15:00.989,1,0,1,0,1135553,1135547,22.600000381469727,1136981,,,,,
	2026-02-12 14:15:01.989,1,0,1,0,1135555,1135549,22.600000381469727,1136983,,,,,
	2026-02-12 14:15:02.989,1,0,1,0,1135556,1135550,22.600000381469727,1136984,,,,,
	2026-02-12 14:15:03.990,1,0,1,0,1135558,1135552,22.600000381469727,1136986,,,,,
	2026-02-12 14:15:04.989,1,0,1,0,1135559,1135553,22.600000381469727,1136987,,,,,
	2026-02-12 14:15:05.990,1,0,1,0,1135562,1135556,22.600000381469727,1136990,,,,,
	2026-02-12 14:15:06.990,1,0,1,0,1135564,1135558,22.600000381469727,1136992,,,,,
	2026-02-12 14:15:07.989,1,0,1,0,1135566,1135560,22.600000381469727,1136994,,,,,
	2026-02-12 14:15:08.990,1,0,1,0,1135567,1135561,22.600000381469727,1136995,,,,,
	2026-02-12 14:15:09.991,1,0,1,0,1135569,1135563,22.600000381469727,1136997,,,,,
	2026-02-12 14:15:10.996,1,0,1,0,1135572,1135566,22.600000381469727,1137000,,,,,
	2026-02-12 14:15:11.989,1,0,1,0,1135574,1135568,22.600000381469727,1137002,,,,,
	2026-02-12 14:15:12.991,1,0,1,0,1135575,1135569,22.600000381469727,1137003,,,,,
	2026-02-12 14:15:13.989,1,0,1,0,1135577,1135571,22.600000381469727,1137005,,,,,
	2026-02-12 14:15:14.989,1,0,1,0,1135578,1135572,22.600000381469727,1137006,,,,,
	2026-02-12 14:15:15.991,1,0,1,0,1135581,1135575,22.600000381469727,1137009,,,,,
	2026-02-12 14:15:16.989,1,0,1,0,1135583,1135577,22.600000381469727,1137011,,,,,
	2026-02-12 14:15:17.991,1,0,1,0,1135584,1135578,22.600000381469727,1137012,,,,,
	2026-02-12 14:15:18.991,1,0,1,0,1135586,1135580,22.600000381469727,1137014,,,,,
	2026-02-12 14:15:19.989,1,0,1,0,1135588,1135582,22.600000381469727,1137016,,,,,
	2026-02-12 14:15:20.990,1,0,1,0,1135591,1135585,22.600000381469727,1137019,,,,,
	2026-02-12 14:15:21.997,1,0,1,0,1135593,1135587,22.600000381469727,1137021,,,,,
	2026-02-12 14:15:22.991,1,0,1,0,1135594,1135588,22.600000381469727,1137022,,,,,
	2026-02-12 14:15:23.990,1,0,1,0,1135596,1135590,22.600000381469727,1137024,,,,,
	2026-02-12 14:15:24.990,1,0,1,0,1135599,1135593,22.600000381469727,1137027,,,,,
	2026-02-12 14:15:25.989,1,0,1,0,1135600,1135594,22.600000381469727,1137028,,,,,
	2026-02-12 14:15:26.989,1,0,1,0,1135602,1135596,22.600000381469727,1137030,,,,,
	2026-02-12 14:15:27.989,1,0,1,0,1135603,1135597,22.600000381469727,1137031,,,,,
	2026-02-12 14:15:28.989,1,0,1,0,1135605,1135599,22.600000381469727,1137033,,,,,
	2026-02-12 14:15:29.992,1,0,1,0,1135608,1135602,22.600000381469727,1137036,,,,,
	2026-02-12 14:15:30.989,1,0,1,0,1135609,1135603,22.600000381469727,1137037,,,,,
	2026-02-12 14:15:31.992,1,0,1,0,1135611,1135605,22.600000381469727,1137039,,,,,
	2026-02-12 14:15:32.990,1,0,1,0,1135613,1135607,22.600000381469727,1137041,,,,,
	2026-02-12 14:15:33.990,1,0,1,0,1135616,1135610,22.600000381469727,1137044,,,,,
	2026-02-12 14:15:34.991,1,0,1,0,1135617,1135611,22.600000381469727,1137045,,,,,
	2026-02-12 14:15:35.991,1,0,1,0,1135619,1135613,22.600000381469727,1137047,,,,,
	2026-02-12 14:15:36.990,1,0,1,0,1135621,1135615,22.600000381469727,1137049,,,,,
	2026-02-12 14:15:37.992,1,0,1,0,1135624,1135618,22.600000381469727,1137052,,,,,
	2026-02-12 14:15:38.990,1,0,1,0,1135625,1135619,22.600000381469727,1137053,,,,,
	2026-02-12 14:15:39.992,1,0,1,0,1135627,1135621,22.600000381469727,1137055,,,,,
	2026-02-12 14:15:40.989,1,0,1,0,1135629,1135623,22.600000381469727,1137057,,,,,
	2026-02-12 14:15:41.991,1,0,1,0,1135630,1135624,22.600000381469727,1137058,,,,,
	2026-02-12 14:15:42.990,1,0,1,0,1135633,1135627,22.600000381469727,1137061,,,,,
	2026-02-12 14:15:43.989,1,0,1,0,1135635,1135629,22.600000381469727,1137063,,,,,
	2026-02-12 14:15:44.990,1,0,1,0,1135636,1135630,22.600000381469727,1137064,,,,,
	2026-02-12 14:15:45.989,1,0,1,0,1135638,1135632,22.600000381469727,1137066,,,,,
	2026-02-12 14:15:46.989,1,0,1,0,1135640,1135634,22.600000381469727,1137068,,,,,
	2026-02-12 14:15:47.990,1,0,1,0,1135643,1135637,22.600000381469727,1137071,,,,,
	2026-02-12 14:15:48.994,1,0,1,0,1135644,1135638,22.600000381469727,1137072,,,,,
	2026-02-12 14:15:49.989,1,0,1,0,1135646,1135640,22.600000381469727,1137074,,,,,
	2026-02-12 14:15:50.989,1,0,1,0,1135648,1135642,22.600000381469727,1137076,,,,,
	2026-02-12 14:15:51.990,1,0,1,0,1135649,1135643,22.600000381469727,1137077,,,,,
	2026-02-12 14:15:52.992,1,0,1,0,1135652,1135646,22.600000381469727,1137080,,,,,
	2026-02-12 14:15:53.989,1,0,1,0,1135654,1135648,22.600000381469727,1137082,,,,,
	2026-02-12 14:15:54.989,1,0,1,0,1135656,1135650,22.600000381469727,1137084,,,,,
	2026-02-12 14:15:55.989,1,0,1,0,1135657,1135651,22.600000381469727,1137085,,,,,
	2026-02-12 14:15:56.989,1,0,1,0,1135659,1135653,22.600000381469727,1137087,,,,,
	2026-02-12 14:15:57.990,1,0,1,0,1135662,1135656,22.600000381469727,1137090,,,,,
	2026-02-12 14:15:58.992,1,0,1,0,1135663,1135657,22.600000381469727,1137091,,,,,
	2026-02-12 14:15:59.990,1,0,1,0,1135665,1135659,22.600000381469727,1137093,,,,,
	2026-02-12 14:16:00.991,1,0,1,0,1135666,1135660,22.600000381469727,1137094,,,,,
	2026-02-12 14:16:01.992,1,0,1,0,1135670,1135664,22.600000381469727,1137098,,,,,
	2026-02-12 14:16:02.990,1,0,1,0,1135671,1135665,22.600000381469727,1137099,,,,,
	2026-02-12 14:16:03.990,1,0,1,0,1135673,1135667,22.600000381469727,1137101,,,,,
	2026-02-12 14:16:04.989,1,0,1,0,1135674,1135668,22.600000381469727,1137102,,,,,
	2026-02-12 14:16:05.992,1,0,1,0,1135676,1135670,22.600000381469727,1137104,,,,,
	2026-02-12 14:16:06.989,1,0,1,0,1135679,1135673,22.600000381469727,1137107,,,,,
	2026-02-12 14:16:07.992,1,0,1,0,1135681,1135675,22.600000381469727,1137109,,,,,
	2026-02-12 14:16:08.990,1,0,1,0,1135682,1135676,22.600000381469727,1137110,,,,,
	2026-02-12 14:16:09.990,1,0,1,0,1135684,1135678,22.600000381469727,1137112,,,,,
	2026-02-12 14:16:10.991,1,0,1,0,1135687,1135681,22.600000381469727,1137115,,,,,
	2026-02-12 14:16:11.990,1,0,1,0,1135688,1135682,22.600000381469727,1137116,,,,,
	2026-02-12 14:16:12.991,1,0,1,0,1135690,1135684,22.600000381469727,1137118,,,,,
	2026-02-12 14:16:13.991,1,0,1,0,1135691,1135685,22.600000381469727,1137119,,,,,
	2026-02-12 14:16:14.990,1,0,1,0,1135693,1135687,22.600000381469727,1137121,,,,,
	2026-02-12 14:16:15.990,1,0,1,0,1135696,1135690,22.600000381469727,1137124,,,,,
	2026-02-12 14:16:16.991,1,0,1,0,1135698,1135692,22.600000381469727,1137126,,,,,
	2026-02-12 14:16:17.990,1,0,1,0,1135699,1135693,22.600000381469727,1137127,,,,,
	2026-02-12 14:16:18.989,1,0,1,0,1135701,1135695,22.600000381469727,1137129,,,,,
	2026-02-12 14:16:19.989,1,0,1,0,1135703,1135697,22.600000381469727,1137131,,,,,
	2026-02-12 14:16:20.991,1,0,1,0,1135706,1135700,22.600000381469727,1137134,,,,,
	2026-02-12 14:16:21.989,1,0,1,0,1135707,1135701,22.600000381469727,1137135,,,,,
	2026-02-12 14:16:22.992,1,0,1,0,1135709,1135703,22.600000381469727,1137137,,,,,
	2026-02-12 14:16:23.992,1,0,1,0,1135710,1135704,22.600000381469727,1137138,,,,,
	2026-02-12 14:16:24.991,1,0,1,0,1135712,1135706,22.600000381469727,1137140,,,,,
	2026-02-12 14:16:25.989,1,0,1,0,1135715,1135709,22.600000381469727,1137143,,,,,
	2026-02-12 14:16:26.990,1,0,1,0,1135717,1135711,22.600000381469727,1137145,,,,,
	2026-02-12 14:16:27.990,1,0,1,0,1135718,1135712,22.600000381469727,1137146,,,,,
	2026-02-12 14:16:28.990,1,0,1,0,1135720,1135714,22.600000381469727,1137148,,,,,
	2026-02-12 14:16:29.990,1,0,1,0,1135723,1135717,22.600000381469727,1137151,,,,,
	2026-02-12 14:16:30.989,1,0,1,0,1135724,1135718,22.600000381469727,1137152,,,,,
	2026-02-12 14:16:31.989,1,0,1,0,1135726,1135720,22.600000381469727,1137154,,,,,
	2026-02-12 14:16:32.990,1,0,1,0,1135727,1135721,22.600000381469727,1137155,,,,,
	2026-02-12 14:16:33.991,1,0,1,0,1135729,1135723,22.600000381469727,1137157,,,,,
	2026-02-12 14:16:34.992,1,0,1,0,1135731,1135725,22.600000381469727,1137159,,,,,
	2026-02-12 14:16:35.989,1,0,1,0,1135734,1135728,22.600000381469727,1137162,,,,,
	2026-02-12 14:16:36.991,1,0,1,0,1135736,1135730,22.600000381469727,1137164,,,,,
	2026-02-12 14:16:37.991,1,0,1,0,1135737,1135731,22.600000381469727,1137165,,,,,
	2026-02-12 14:16:38.990,1,0,1,0,1135739,1135733,22.600000381469727,1137167,,,,,
	2026-02-12 14:16:39.990,1,0,1,0,1135740,1135734,22.600000381469727,1137168,,,,,
	2026-02-12 14:16:40.991,1,0,1,0,1135743,1135737,22.600000381469727,1137171,,,,,
	2026-02-12 14:16:41.989,1,0,1,0,1135745,1135739,22.600000381469727,1137173,,,,,
	2026-02-12 14:16:42.990,1,0,1,0,1135747,1135741,22.600000381469727,1137175,,,,,
	2026-02-12 14:16:43.989,1,0,1,0,1135748,1135742,22.600000381469727,1137176,,,,,
	2026-02-12 14:16:44.989,1,0,1,0,1135750,1135744,22.600000381469727,1137178,,,,,
	2026-02-12 14:16:45.989,1,0,1,0,1135753,1135747,22.600000381469727,1137181,,,,,
	2026-02-12 14:16:46.989,1,0,1,0,1135755,1135749,22.600000381469727,1137183,,,,,
	2026-02-12 14:16:47.990,1,0,1,0,1135757,1135751,22.600000381469727,1137185,,,,,
	2026-02-12 14:16:48.991,1,0,1,0,1135758,1135752,22.600000381469727,1137186,,,,,
	2026-02-12 14:16:49.990,1,0,1,0,1135760,1135754,22.600000381469727,1137188,,,,,
	2026-02-12 14:16:50.990,1,0,1,0,1135763,1135757,22.600000381469727,1137191,,,,,
	2026-02-12 14:16:51.990,1,0,1,0,1135764,1135758,22.600000381469727,1137192,,,,,
	2026-02-12 14:16:52.992,1,0,1,0,1135766,1135760,22.600000381469727,1137194,,,,,
	2026-02-12 14:16:53.991,1,0,1,0,1135767,1135761,22.600000381469727,1137195,,,,,
	2026-02-12 14:16:54.989,1,0,1,0,1135769,1135763,22.600000381469727,1137197,,,,,
	2026-02-12 14:16:55.991,1,0,1,0,1135772,1135766,22.600000381469727,1137200,,,,,
	2026-02-12 14:16:56.989,1,0,1,0,1135774,1135768,22.600000381469727,1137202,,,,,
	2026-02-12 14:16:57.990,1,0,1,0,1135775,1135769,22.600000381469727,1137203,,,,,
	2026-02-12 14:16:58.992,1,0,1,0,1135777,1135771,22.600000381469727,1137205,,,,,
	2026-02-12 14:16:59.990,1,0,1,0,1135778,1135772,22.600000381469727,1137206,,,,,
	2026-02-12 14:17:00.991,1,0,1,0,1135782,1135776,22.600000381469727,1137210,,,,,
	2026-02-12 14:17:01.992,1,0,1,0,1135783,1135777,22.600000381469727,1137211,,,,,
	2026-02-12 14:17:02.992,1,0,1,0,1135785,1135779,22.600000381469727,1137213,,,,,
	2026-02-12 14:17:03.990,1,0,1,0,1135786,1135780,22.600000381469727,1137214,,,,,
	2026-02-12 14:17:04.992,1,0,1,0,1135789,1135783,22.600000381469727,1137217,,,,,
	2026-02-12 14:17:05.990,1,0,1,0,1135791,1135785,22.600000381469727,1137219,,,,,
	2026-02-12 14:17:06.990,1,0,1,0,1135793,1135787,22.600000381469727,1137221,,,,,
	2026-02-12 14:17:07.991,1,0,1,0,1135794,1135788,22.600000381469727,1137222,,,,,
	2026-02-12 14:17:08.990,1,0,1,0,1135796,1135790,22.600000381469727,1137224,,,,,
	2026-02-12 14:17:09.991,1,0,1,0,1135799,1135793,22.600000381469727,1137227,,,,,
	2026-02-12 14:17:10.991,1,0,1,0,1135800,1135794,22.600000381469727,1137228,,,,,
	2026-02-12 14:17:11.989,1,0,1,0,1135802,1135796,22.600000381469727,1137230,,,,,
	2026-02-12 14:17:12.991,1,0,1,0,1135804,1135798,22.600000381469727,1137232,,,,,
	2026-02-12 14:17:13.991,1,0,1,0,1135805,1135799,22.600000381469727,1137233,,,,,
	2026-02-12 14:17:14.989,1,0,1,0,1135808,1135802,22.600000381469727,1137236,,,,,
	2026-02-12 14:17:15.991,1,0,1,0,1135810,1135804,22.600000381469727,1137238,,,,,
	2026-02-12 14:17:16.993,1,0,1,0,1135812,1135806,22.600000381469727,1137240,,,,,
	2026-02-12 14:17:18.581,1,0,1,0,1135815,1135809,22.600000381469727,1137243,,,,,
	2026-02-12 14:17:18.990,1,0,1,0,1135815,1135809,22.600000381469727,1137243,,,,,
	2026-02-12 14:17:19.992,1,0,1,0,1135818,1135812,22.600000381469727,1137246,,,,,
	2026-02-12 14:17:20.989,1,0,1,0,1135820,1135814,22.600000381469727,1137248,,,,,
	2026-02-12 14:17:21.991,1,0,1,0,1135821,1135815,22.600000381469727,1137249,,,,,
	2026-02-12 14:17:22.989,1,0,1,0,1135823,1135817,22.600000381469727,1137251,,,,,
	2026-02-12 14:17:23.991,1,0,1,0,1135825,1135819,22.600000381469727,1137253,,,,,
	2026-02-12 14:17:24.991,1,0,1,0,1135828,1135822,22.600000381469727,1137256,,,,,
	2026-02-12 14:17:25.990,1,0,1,0,1135829,1135823,22.600000381469727,1137257,,,,,
	2026-02-12 14:17:26.990,1,0,1,0,1135831,1135825,22.600000381469727,1137259,,,,,
	2026-02-12 14:17:27.990,1,0,1,0,1135832,1135826,22.600000381469727,1137260,,,,,
	2026-02-12 14:17:28.992,1,0,1,0,1135834,1135828,22.600000381469727,1137262,,,,,
	2026-02-12 14:17:29.994,1,0,1,0,1135837,1135831,22.600000381469727,1137265,,,,,
	2026-02-12 14:17:30.991,1,0,1,0,1135839,1135833,22.600000381469727,1137267,,,,,
	2026-02-12 14:17:31.991,1,0,1,0,1135840,1135834,22.600000381469727,1137268,,,,,
	2026-02-12 14:17:32.990,1,0,1,0,1135842,1135836,22.600000381469727,1137270,,,,,
	2026-02-12 14:17:33.991,1,0,1,0,1135843,1135837,22.600000381469727,1137271,,,,,
	2026-02-12 14:17:34.991,1,0,1,0,1135847,1135841,22.600000381469727,1137275,,,,,
	2026-02-12 14:17:35.989,1,0,1,0,1135848,1135842,22.600000381469727,1137276,,,,,
	2026-02-12 14:17:36.989,1,0,1,0,1135850,1135844,22.600000381469727,1137278,,,,,
	2026-02-12 14:17:37.989,1,0,1,0,1135852,1135846,22.600000381469727,1137280,,,,,
	2026-02-12 14:17:38.989,1,0,1,0,1135853,1135847,22.600000381469727,1137281,,,,,
	2026-02-12 14:17:39.990,1,0,1,0,1135855,1135849,22.600000381469727,1137283,,,,,
	2026-02-12 14:17:40.992,1,0,1,0,1135858,1135852,22.600000381469727,1137286,,,,,
	2026-02-12 14:17:41.989,1,0,1,0,1135860,1135854,22.600000381469727,1137288,,,,,
	2026-02-12 14:17:42.990,1,0,1,0,1135861,1135855,22.600000381469727,1137289,,,,,
	2026-02-12 14:17:43.989,1,0,1,0,1135863,1135857,22.600000381469727,1137291,,,,,
	2026-02-12 14:17:44.990,1,0,1,0,1135866,1135860,22.600000381469727,1137294,,,,,
	2026-02-12 14:17:45.990,1,0,1,0,1135867,1135861,22.600000381469727,1137295,,,,,
	2026-02-12 14:17:46.991,1,0,1,0,1135869,1135863,22.600000381469727,1137297,,,,,
	2026-02-12 14:17:47.991,1,0,1,0,1135871,1135865,22.600000381469727,1137299,,,,,
	2026-02-12 14:17:48.989,1,0,1,0,1135872,1135866,22.600000381469727,1137300,,,,,
	2026-02-12 14:17:49.990,1,0,1,0,1135875,1135869,22.600000381469727,1137303,,,,,
	2026-02-12 14:17:50.990,1,0,1,0,1135877,1135871,22.600000381469727,1137305,,,,,
	2026-02-12 14:17:51.991,1,0,1,0,1135878,1135872,22.600000381469727,1137306,,,,,
	2026-02-12 14:17:52.989,1,0,1,0,1135880,1135874,22.600000381469727,1137308,,,,,
	2026-02-12 14:17:53.989,1,0,1,0,1135882,1135876,22.600000381469727,1137310,,,,,
	2026-02-12 14:17:54.991,1,0,1,0,1135885,1135879,22.600000381469727,1137313,,,,,
	2026-02-12 14:17:55.989,1,0,1,0,1135886,1135880,22.600000381469727,1137314,,,,,
	2026-02-12 14:17:56.989,1,0,1,0,1135888,1135882,22.600000381469727,1137316,,,,,
	2026-02-12 14:17:57.991,1,0,1,0,1135889,1135883,22.600000381469727,1137317,,,,,
	2026-02-12 14:17:59.007,1,0,1,0,1135892,1135886,22.600000381469727,1137320,,,,,
	2026-02-12 14:17:59.994,1,0,1,0,1135894,1135888,22.600000381469727,1137322,,,,,
	2026-02-12 14:18:00.992,1,0,1,0,1135895,1135889,22.600000381469727,1137323,,,,,
	2026-02-12 14:18:01.991,1,0,1,0,1135897,1135891,22.600000381469727,1137325,,,,,
	2026-02-12 14:18:03.001,1,0,1,0,1135899,1135893,22.600000381469727,1137327,,,,,
	2026-02-12 14:18:03.991,1,0,1,0,1135902,1135896,22.600000381469727,1137330,,,,,
	2026-02-12 14:18:05.058,1,0,1,0,1135903,1135897,22.600000381469727,1137331,,,,,
	2026-02-12 14:18:05.990,1,0,1,0,1135905,1135899,22.600000381469727,1137333,,,,,
	2026-02-12 14:18:06.991,1,0,1,0,1135907,1135901,22.600000381469727,1137335,,,,,
	2026-02-12 14:18:07.990,1,0,1,0,1135908,1135902,22.600000381469727,1137336,,,,,
	2026-02-12 14:18:08.989,1,0,1,0,1135911,1135905,22.600000381469727,1137339,,,,,
	2026-02-12 14:18:09.991,1,0,1,0,1135913,1135907,22.600000381469727,1137341,,,,,
	2026-02-12 14:18:10.994,1,0,1,0,1135914,1135908,22.600000381469727,1137342,,,,,
	2026-02-12 14:18:11.990,1,0,1,0,1135916,1135910,22.600000381469727,1137344,,,,,
	2026-02-12 14:18:12.989,1,0,1,0,1135918,1135912,22.600000381469727,1137346,,,,,
	2026-02-12 14:18:13.991,1,0,1,0,1135921,1135915,22.600000381469727,1137349,,,,,
	2026-02-12 14:18:14.993,1,0,1,0,1135922,1135916,22.600000381469727,1137350,,,,,
	2026-02-12 14:18:15.990,1,0,1,0,1135924,1135918,22.600000381469727,1137352,,,,,
	2026-02-12 14:18:16.991,1,0,1,0,1135925,1135919,22.600000381469727,1137353,,,,,
	2026-02-12 14:18:17.990,1,0,1,0,1135928,1135922,22.600000381469727,1137356,,,,,
	2026-02-12 14:18:18.991,1,0,1,0,1135930,1135924,22.600000381469727,1137358,,,,,
	2026-02-12 14:18:19.991,1,0,1,0,1135932,1135926,22.600000381469727,1137360,,,,,
	2026-02-12 14:18:21.760,1,0,1,0,1135935,1135929,22.600000381469727,1137363,,,,,
	2026-02-12 14:18:21.989,1,0,1,0,1135936,1135930,22.600000381469727,1137364,,,,,
	2026-02-12 14:18:22.992,1,0,1,0,1135938,1135932,22.600000381469727,1137366,,,,,
	2026-02-12 14:18:23.989,1,0,1,0,1135939,1135933,22.600000381469727,1137367,,,,,
	2026-02-12 14:18:24.989,1,0,1,0,1135941,1135935,22.600000381469727,1137369,,,,,
	2026-02-12 14:18:25.989,1,0,1,0,1135944,1135938,22.600000381469727,1137372,,,,,
	2026-02-12 14:18:26.989,1,0,1,0,1135946,1135940,22.600000381469727,1137374,,,,,
	2026-02-12 14:18:27.990,1,0,1,0,1135947,1135941,22.600000381469727,1137375,,,,,
	2026-02-12 14:18:28.989,1,0,1,0,1135949,1135943,22.600000381469727,1137377,,,,,
	2026-02-12 14:18:29.990,1,0,1,0,1135950,1135944,22.600000381469727,1137378,,,,,
	2026-02-12 14:18:30.991,1,0,1,0,1135954,1135948,22.600000381469727,1137382,,,,,
	2026-02-12 14:18:31.990,1,0,1,0,1135955,1135949,22.600000381469727,1137383,,,,,
	2026-02-12 14:18:32.991,1,0,1,0,1135957,1135951,22.600000381469727,1137385,,,,,
	2026-02-12 14:18:33.990,1,0,1,0,1135958,1135952,22.600000381469727,1137386,,,,,
	2026-02-12 14:18:34.992,1,0,1,0,1135960,1135954,22.600000381469727,1137388,,,,,
	2026-02-12 14:18:35.990,1,0,1,0,1135963,1135957,22.600000381469727,1137391,,,,,
	2026-02-12 14:18:36.989,1,0,1,0,1135964,1135958,22.600000381469727,1137392,,,,,
	2026-02-12 14:18:37.992,1,0,1,0,1135966,1135960,22.600000381469727,1137394,,,,,
	2026-02-12 14:18:38.992,1,0,1,0,1135968,1135962,22.600000381469727,1137396,,,,,
	2026-02-12 14:18:39.997,1,0,1,0,1135971,1135965,22.600000381469727,1137399,,,,,
	2026-02-12 14:18:40.992,1,0,1,0,1135972,1135966,22.600000381469727,1137400,,,,,
	2026-02-12 14:18:41.990,1,0,1,0,1135974,1135968,22.600000381469727,1137402,,,,,
	2026-02-12 14:18:42.990,1,0,1,0,1135975,1135969,22.600000381469727,1137403,,,,,
	2026-02-12 14:18:43.991,1,0,1,0,1135977,1135971,22.600000381469727,1137405,,,,,
	2026-02-12 14:18:44.990,1,0,1,0,1135980,1135974,22.600000381469727,1137408,,,,,
	2026-02-12 14:18:45.989,1,0,1,0,1135982,1135976,22.600000381469727,1137410,,,,,
	2026-02-12 14:18:46.990,1,0,1,0,1135983,1135977,22.600000381469727,1137411,,,,,
	2026-02-12 14:18:47.992,1,0,1,0,1135985,1135979,22.600000381469727,1137413,,,,,
	2026-02-12 14:18:48.990,1,0,1,0,1135986,1135980,22.600000381469727,1137414,,,,,
	2026-02-12 14:18:49.992,1,0,1,0,1135990,1135984,22.600000381469727,1137418,,,,,
	2026-02-12 14:18:50.989,1,0,1,0,1135991,1135985,22.600000381469727,1137419,,,,,
	2026-02-12 14:18:51.990,1,0,1,0,1135993,1135987,22.600000381469727,1137421,,,,,
	2026-02-12 14:18:52.989,1,0,1,0,1135994,1135988,22.600000381469727,1137422,,,,,
	2026-02-12 14:18:53.991,1,0,1,0,1135997,1135991,22.600000381469727,1137425,,,,,
	2026-02-12 14:18:54.991,1,0,1,0,1135999,1135993,22.600000381469727,1137427,,,,,
	2026-02-12 14:18:55.990,1,0,1,0,1136001,1135995,22.600000381469727,1137429,,,,,
	2026-02-12 14:18:56.991,1,0,1,0,1136002,1135996,22.600000381469727,1137430,,,,,
	2026-02-12 14:18:57.990,1,0,1,0,1136004,1135998,22.600000381469727,1137432,,,,,
	2026-02-12 14:18:58.994,1,0,1,0,1136007,1136001,22.600000381469727,1137435,,,,,
	2026-02-12 14:18:59.991,1,0,1,0,1136008,1136002,22.600000381469727,1137436,,,,,
	2026-02-12 14:19:00.990,1,0,1,0,1136010,1136004,22.600000381469727,1137438,,,,,
	2026-02-12 14:19:01.990,1,0,1,0,1136012,1136006,22.600000381469727,1137440,,,,,
	2026-02-12 14:19:02.990,1,0,1,0,1136013,1136007,22.600000381469727,1137441,,,,,
	2026-02-12 14:19:03.991,1,0,1,0,1136016,1136010,22.600000381469727,1137444,,,,,
	2026-02-12 14:19:04.989,1,0,1,0,1136018,1136012,22.600000381469727,1137446,,,,,
	2026-02-12 14:19:05.991,1,0,1,0,1136019,1136013,22.600000381469727,1137447,,,,,
	2026-02-12 14:19:06.991,1,0,1,0,1136021,1136015,22.600000381469727,1137449,,,,,
	2026-02-12 14:19:07.991,1,0,1,0,1136023,1136017,22.600000381469727,1137451,,,,,
	2026-02-12 14:19:08.996,1,0,1,0,1136026,1136020,22.600000381469727,1137454,,,,,
	2026-02-12 14:19:09.989,1,0,1,0,1136027,1136021,22.600000381469727,1137455,,,,,
	2026-02-12 14:19:10.991,1,0,1,0,1136029,1136023,22.600000381469727,1137457,,,,,
	2026-02-12 14:19:11.991,1,0,1,0,1136030,1136024,22.600000381469727,1137458,,,,,
	2026-02-12 14:19:12.989,1,0,1,0,1136034,1136028,22.600000381469727,1137462,,,,,
	2026-02-12 14:19:13.993,1,0,1,0,1136035,1136029,22.600000381469727,1137463,,,,,
	2026-02-12 14:19:14.991,1,0,1,0,1136037,1136031,22.600000381469727,1137465,,,,,
	2026-02-12 14:19:15.991,1,0,1,0,1136038,1136032,22.600000381469727,1137466,,,,,
	2026-02-12 14:19:16.992,1,0,1,0,1136040,1136034,22.600000381469727,1137468,,,,,
	2026-02-12 14:19:17.993,1,0,1,0,1136043,1136037,22.600000381469727,1137471,,,,,
	2026-02-12 14:19:18.990,1,0,1,0,1136045,1136039,22.600000381469727,1137473,,,,,
	2026-02-12 14:19:19.991,1,0,1,0,1136046,1136040,22.600000381469727,1137474,,,,,
	2026-02-12 14:19:20.991,1,0,1,0,1136048,1136042,22.600000381469727,1137476,,,,,
	2026-02-12 14:19:21.991,1,0,1,0,1136049,1136043,22.600000381469727,1137477,,,,,
	2026-02-12 14:19:22.989,1,0,1,0,1136053,1136047,22.600000381469727,1137481,,,,,
	2026-02-12 14:19:23.990,1,0,1,0,1136054,1136048,22.600000381469727,1137482,,,,,
	2026-02-12 14:19:24.991,1,0,1,0,1136056,1136050,22.600000381469727,1137484,,,,,
	2026-02-12 14:19:25.989,1,0,1,0,1136057,1136051,22.600000381469727,1137485,,,,,
	2026-02-12 14:19:26.990,1,0,1,0,1136059,1136053,22.600000381469727,1137487,,,,,
	2026-02-12 14:19:27.990,1,0,1,0,1136062,1136056,22.600000381469727,1137490,,,,,
	2026-02-12 14:19:28.989,1,0,1,0,1136063,1136057,22.600000381469727,1137491,,,,,
	2026-02-12 14:19:29.991,1,0,1,0,1136065,1136059,22.600000381469727,1137493,,,,,
	2026-02-12 14:19:30.989,1,0,1,0,1136067,1136061,22.600000381469727,1137495,,,,,
	2026-02-12 14:19:31.992,1,0,1,0,1136070,1136064,22.600000381469727,1137498,,,,,
	2026-02-12 14:19:32.991,1,0,1,0,1136071,1136065,22.600000381469727,1137499,,,,,
	2026-02-12 14:19:33.989,1,0,1,0,1136073,1136067,22.600000381469727,1137501,,,,,
	2026-02-12 14:19:34.992,1,0,1,0,1136074,1136068,22.600000381469727,1137502,,,,,
	2026-02-12 14:19:35.990,1,0,1,0,1136076,1136070,22.600000381469727,1137504,,,,,
	2026-02-12 14:19:36.991,1,0,1,0,1136079,1136073,22.600000381469727,1137507,,,,,
	2026-02-12 14:19:37.992,1,0,1,0,1136081,1136075,22.600000381469727,1137509,,,,,
	2026-02-12 14:19:38.991,1,0,1,0,1136082,1136076,22.600000381469727,1137510,,,,,
	2026-02-12 14:19:39.989,1,0,1,0,1136084,1136078,22.600000381469727,1137512,,,,,
	2026-02-12 14:19:40.992,1,0,1,0,1136087,1136081,22.600000381469727,1137515,,,,,
	2026-02-12 14:19:41.989,1,0,1,0,1136089,1136083,22.600000381469727,1137517,,,,,
	2026-02-12 14:19:42.991,1,0,1,0,1136090,1136084,22.600000381469727,1137518,,,,,
	2026-02-12 14:19:43.992,1,0,1,0,1136092,1136086,22.600000381469727,1137520,,,,,
	2026-02-12 14:19:44.991,1,0,1,0,1136093,1136087,22.600000381469727,1137521,,,,,
	2026-02-12 14:19:45.990,1,0,1,0,1136097,1136091,22.600000381469727,1137525,,,,,
	2026-02-12 14:19:46.991,1,0,1,0,1136098,1136092,22.600000381469727,1137526,,,,,
	2026-02-12 14:19:47.991,1,0,1,0,1136100,1136094,22.600000381469727,1137528,,,,,
	2026-02-12 14:19:48.990,1,0,1,0,1136101,1136095,22.600000381469727,1137529,,,,,
	2026-02-12 14:19:49.992,1,0,1,0,1136103,1136097,22.600000381469727,1137531,,,,,
	2026-02-12 14:19:50.991,1,0,1,0,1136106,1136100,22.600000381469727,1137534,,,,,
	2026-02-12 14:19:51.989,1,0,1,0,1136108,1136102,22.600000381469727,1137536,,,,,
	2026-02-12 14:19:52.992,1,0,1,0,1136109,1136103,22.600000381469727,1137537,,,,,
	2026-02-12 14:19:53.991,1,0,1,0,1136111,1136105,22.600000381469727,1137539,,,,,
	2026-02-12 14:19:54.991,1,0,1,0,1136112,1136106,22.600000381469727,1137540,,,,,
	2026-02-12 14:19:55.992,1,0,1,0,1136115,1136109,22.600000381469727,1137543,,,,,
	2026-02-12 14:19:56.992,1,0,1,0,1136117,1136111,22.600000381469727,1137545,,,,,
	2026-02-12 14:19:57.991,1,0,1,0,1136118,1136112,22.600000381469727,1137546,,,,,
	2026-02-12 14:19:58.991,1,0,1,0,1136120,1136114,22.600000381469727,1137548,,,,,
	2026-02-12 14:19:59.991,1,0,1,0,1136122,1136116,22.600000381469727,1137550,,,,,
	2026-02-12 14:20:00.989,1,0,1,0,1136125,1136119,22.600000381469727,1137553,,,,,
	2026-02-12 14:20:01.991,1,0,1,0,1136126,1136120,22.600000381469727,1137554,,,,,
	2026-02-12 14:20:02.991,1,0,1,0,1136128,1136122,22.600000381469727,1137556,,,,,
	2026-02-12 14:20:03.990,1,0,1,0,1136129,1136123,22.600000381469727,1137557,,,,,
	2026-02-12 14:20:04.990,1,0,1,0,1136131,1136125,22.600000381469727,1137559,,,,,
	2026-02-12 14:20:05.992,1,0,1,0,1136134,1136128,22.600000381469727,1137562,,,,,
	2026-02-12 14:20:06.990,1,0,1,0,1136136,1136130,22.600000381469727,1137564,,,,,
	2026-02-12 14:20:07.991,1,0,1,0,1136138,1136132,22.600000381469727,1137566,,,,,
	2026-02-12 14:20:08.991,1,0,1,0,1136139,1136133,22.600000381469727,1137567,,,,,
	2026-02-12 14:20:09.991,1,0,1,0,1136141,1136135,22.600000381469727,1137569,,,,,
	2026-02-12 14:20:10.989,1,0,1,0,1136144,1136138,22.600000381469727,1137572,,,,,
	2026-02-12 14:20:11.989,1,0,1,0,1136145,1136139,22.600000381469727,1137573,,,,,
	2026-02-12 14:20:12.990,1,0,1,0,1136147,1136141,22.600000381469727,1137575,,,,,
	2026-02-12 14:20:13.991,1,0,1,0,1136149,1136143,22.600000381469727,1137577,,,,,
	2026-02-12 14:20:14.991,1,0,1,0,1136152,1136146,22.600000381469727,1137580,,,,,
	2026-02-12 14:20:15.989,1,0,1,0,1136153,1136147,22.600000381469727,1137581,,,,,
	2026-02-12 14:20:16.989,1,0,1,0,1136155,1136149,22.600000381469727,1137583,,,,,
	2026-02-12 14:20:17.990,1,0,1,0,1136156,1136150,22.600000381469727,1137584,,,,,
	2026-02-12 14:20:18.990,1,0,1,0,1136158,1136152,22.600000381469727,1137586,,,,,
	2026-02-12 14:20:19.990,1,0,1,0,1136161,1136155,22.600000381469727,1137589,,,,,
	2026-02-12 14:20:20.991,1,0,1,0,1136163,1136157,22.600000381469727,1137591,,,,,
	2026-02-12 14:20:21.989,1,0,1,0,1136164,1136158,22.600000381469727,1137592,,,,,
	2026-02-12 14:20:22.992,1,0,1,0,1136166,1136160,22.600000381469727,1137594,,,,,
	2026-02-12 14:20:23.992,1,0,1,0,1136169,1136163,22.600000381469727,1137597,,,,,
	2026-02-12 14:20:24.990,1,0,1,0,1136170,1136164,22.600000381469727,1137598,,,,,
	2026-02-12 14:20:25.990,1,0,1,0,1136172,1136166,22.600000381469727,1137600,,,,,
	2026-02-12 14:20:26.991,1,0,1,0,1136174,1136168,22.600000381469727,1137602,,,,,
	2026-02-12 14:20:27.991,1,0,1,0,1136175,1136169,22.600000381469727,1137603,,,,,
	2026-02-12 14:20:28.991,1,0,1,0,1136178,1136172,22.600000381469727,1137606,,,,,
	2026-02-12 14:20:29.991,1,0,1,0,1136180,1136174,22.600000381469727,1137608,,,,,
	2026-02-12 14:20:30.991,1,0,1,0,1136181,1136175,22.600000381469727,1137609,,,,,
	2026-02-12 14:20:31.992,1,0,1,0,1136183,1136177,22.600000381469727,1137611,,,,,
	2026-02-12 14:20:32.992,1,0,1,0,1136184,1136178,22.600000381469727,1137612,,,,,
	2026-02-12 14:20:33.990,1,0,1,0,1136188,1136182,22.600000381469727,1137616,,,,,
	2026-02-12 14:20:34.992,1,0,1,0,1136189,1136183,22.600000381469727,1137617,,,,,
	2026-02-12 14:20:35.991,1,0,1,0,1136191,1136185,22.600000381469727,1137619,,,,,
	2026-02-12 14:20:36.989,1,0,1,0,1136192,1136186,22.600000381469727,1137620,,,,,
	2026-02-12 14:20:37.989,1,0,1,0,1136195,1136189,22.600000381469727,1137623,,,,,
	2026-02-12 14:20:38.991,1,0,1,0,1136197,1136191,22.600000381469727,1137625,,,,,
	2026-02-12 14:20:39.991,1,0,1,0,1136199,1136193,22.600000381469727,1137627,,,,,
	2026-02-12 14:20:40.990,1,0,1,0,1136200,1136194,22.600000381469727,1137628,,,,,
	2026-02-12 14:20:41.992,1,0,1,0,1136202,1136196,22.600000381469727,1137630,,,,,
	2026-02-12 14:20:42.992,1,0,1,0,1136205,1136199,22.600000381469727,1137633,,,,,
	2026-02-12 14:20:43.990,1,0,1,0,1136206,1136200,22.600000381469727,1137634,,,,,
	2026-02-12 14:20:44.989,1,0,1,0,1136208,1136202,22.600000381469727,1137636,,,,,
	2026-02-12 14:20:46.005,1,0,1,0,1136209,1136203,22.600000381469727,1137637,,,,,
	2026-02-12 14:20:46.990,1,0,1,0,1136213,1136207,22.600000381469727,1137641,,,,,
	2026-02-12 14:20:47.991,1,0,1,0,1136214,1136208,22.600000381469727,1137642,,,,,
	2026-02-12 14:20:48.992,1,0,1,0,1136216,1136210,22.600000381469727,1137644,,,,,
	2026-02-12 14:20:49.991,1,0,1,0,1136217,1136211,22.600000381469727,1137645,,,,,
	2026-02-12 14:20:50.990,1,0,1,0,1136219,1136213,22.600000381469727,1137647,,,,,
	2026-02-12 14:20:51.990,1,0,1,0,1136222,1136216,22.600000381469727,1137650,,,,,
	2026-02-12 14:20:52.992,1,0,1,0,1136224,1136218,22.600000381469727,1137652,,,,,
	2026-02-12 14:20:53.990,1,0,1,0,1136225,1136219,22.600000381469727,1137653,,,,,
	2026-02-12 14:20:54.989,1,0,1,0,1136227,1136221,22.600000381469727,1137655,,,,,
	2026-02-12 14:20:55.991,1,0,1,0,1136228,1136222,22.600000381469727,1137656,,,,,
	2026-02-12 14:20:56.991,1,0,1,0,1136232,1136226,22.600000381469727,1137660,,,,,
	2026-02-12 14:20:57.990,1,0,1,0,1136233,1136227,22.600000381469727,1137661,,,,,
	2026-02-12 14:20:58.991,1,0,1,0,1136235,1136229,22.600000381469727,1137663,,,,,
	2026-02-12 14:20:59.990,1,0,1,0,1136236,1136230,22.600000381469727,1137664,,,,,
	2026-02-12 14:21:00.989,1,0,1,0,1136238,1136232,22.600000381469727,1137666,,,,,
	2026-02-12 14:21:01.992,1,0,1,0,1136241,1136235,22.600000381469727,1137669,,,,,
	2026-02-12 14:21:02.991,1,0,1,0,1136243,1136237,22.600000381469727,1137671,,,,,
	2026-02-12 14:21:03.990,1,0,1,0,1136244,1136238,22.600000381469727,1137672,,,,,
	2026-02-12 14:21:04.992,1,0,1,0,1136246,1136240,22.600000381469727,1137674,,,,,
	2026-02-12 14:21:05.991,1,0,1,0,1136247,1136241,22.600000381469727,1137675,,,,,
	2026-02-12 14:21:06.990,1,0,1,0,1136251,1136245,22.600000381469727,1137679,,,,,
	2026-02-12 14:21:07.992,1,0,1,0,1136252,1136246,22.600000381469727,1137680,,,,,
	2026-02-12 14:21:08.991,1,0,1,0,1136254,1136248,22.600000381469727,1137682,,,,,
	2026-02-12 14:21:09.990,1,0,1,0,1136256,1136250,22.600000381469727,1137684,,,,,
	2026-02-12 14:21:10.990,1,0,1,0,1136257,1136251,22.600000381469727,1137685,,,,,
	2026-02-12 14:21:11.991,1,0,1,0,1136260,1136254,22.600000381469727,1137688,,,,,
	2026-02-12 14:21:12.990,1,0,1,0,1136262,1136256,22.600000381469727,1137690,,,,,
	2026-02-12 14:21:13.989,1,0,1,0,1136264,1136258,22.600000381469727,1137692,,,,,
	2026-02-12 14:21:14.991,1,0,1,0,1136265,1136259,22.600000381469727,1137693,,,,,
	2026-02-12 14:21:16.081,1,0,1,0,1136267,1136261,22.600000381469727,1137695,,,,,
	2026-02-12 14:21:16.989,1,0,1,0,1136268,1136262,22.600000381469727,1137696,,,,,
	2026-02-12 14:21:17.992,1,0,1,0,1136272,1136266,22.600000381469727,1137700,,,,,
	2026-02-12 14:21:18.990,1,0,1,0,1136273,1136267,22.600000381469727,1137701,,,,,
	2026-02-12 14:21:19.991,1,0,1,0,1136275,1136269,22.600000381469727,1137703,,,,,
	2026-02-12 14:21:20.991,1,0,1,0,1136276,1136270,22.600000381469727,1137704,,,,,
	2026-02-12 14:21:21.991,1,0,1,0,1136279,1136273,22.600000381469727,1137707,,,,,
	2026-02-12 14:21:22.991,1,0,1,0,1136281,1136275,22.600000381469727,1137709,,,,,
	2026-02-12 14:21:23.992,1,0,1,0,1136282,1136276,22.600000381469727,1137710,,,,,
	2026-02-12 14:21:24.989,1,0,1,0,1136284,1136278,22.600000381469727,1137712,,,,,
	2026-02-12 14:21:25.991,1,0,1,0,1136287,1136281,22.600000381469727,1137715,,,,,
	2026-02-12 14:21:26.993,1,0,1,0,1136289,1136283,22.600000381469727,1137717,,,,,
	2026-02-12 14:21:27.990,1,0,1,0,1136290,1136284,22.600000381469727,1137718,,,,,
	2026-02-12 14:21:28.990,1,0,1,0,1136292,1136286,22.600000381469727,1137720,,,,,
	2026-02-12 14:21:29.990,1,0,1,0,1136293,1136287,22.600000381469727,1137721,,,,,
	2026-02-12 14:21:30.991,1,0,1,0,1136297,1136291,22.600000381469727,1137725,,,,,
	2026-02-12 14:21:31.989,1,0,1,0,1136298,1136292,22.600000381469727,1137726,,,,,
	2026-02-12 14:21:32.990,1,0,1,0,1136300,1136294,22.600000381469727,1137728,,,,,
	2026-02-12 14:21:33.992,1,0,1,0,1136301,1136295,22.600000381469727,1137729,,,,,
	2026-02-12 14:21:34.991,1,0,1,0,1136303,1136297,22.600000381469727,1137731,,,,,
	2026-02-12 14:21:35.991,1,0,1,0,1136306,1136300,22.600000381469727,1137734,,,,,
	2026-02-12 14:21:36.989,1,0,1,0,1136308,1136302,22.600000381469727,1137736,,,,,
	2026-02-12 14:21:37.989,1,0,1,0,1136309,1136303,22.600000381469727,1137737,,,,,
	2026-02-12 14:21:38.990,1,0,1,0,1136311,1136305,22.600000381469727,1137739,,,,,
	2026-02-12 14:21:39.989,1,0,1,0,1136313,1136307,22.600000381469727,1137741,,,,,
	2026-02-12 14:21:40.991,1,0,1,0,1136316,1136310,22.600000381469727,1137744,,,,,
	2026-02-12 14:21:42.015,1,0,1,0,1136317,1136311,22.600000381469727,1137745,,,,,
	2026-02-12 14:21:43.009,1,0,1,0,1136319,1136313,22.600000381469727,1137747,,,,,
	2026-02-12 14:21:43.995,1,0,1,0,1136320,1136314,22.600000381469727,1137748,,,,,
	2026-02-12 14:21:44.991,1,0,1,0,1136322,1136316,22.600000381469727,1137750,,,,,
	2026-02-12 14:21:45.991,1,0,1,0,1136325,1136319,22.600000381469727,1137753,,,,,
	2026-02-12 14:21:46.992,1,0,1,0,1136327,1136321,22.600000381469727,1137755,,,,,
	2026-02-12 14:21:47.991,1,0,1,0,1136328,1136322,22.600000381469727,1137756,,,,,
	2026-02-12 14:21:48.989,1,0,1,0,1136330,1136324,22.600000381469727,1137758,,,,,
	2026-02-12 14:21:49.990,1,0,1,0,1136333,1136327,22.600000381469727,1137761,,,,,
	2026-02-12 14:21:50.989,1,0,1,0,1136335,1136329,22.600000381469727,1137763,,,,,
	2026-02-12 14:21:51.991,1,0,1,0,1136336,1136330,22.600000381469727,1137764,,,,,
	2026-02-12 14:21:52.992,1,0,1,0,1136338,1136332,22.600000381469727,1137766,,,,,
	2026-02-12 14:21:53.990,1,0,1,0,1136339,1136333,22.600000381469727,1137767,,,,,
	2026-02-12 14:21:54.990,1,0,1,0,1136342,1136336,22.600000381469727,1137770,,,,,
	2026-02-12 14:21:55.992,1,0,1,0,1136344,1136338,22.600000381469727,1137772,,,,,
	2026-02-12 14:21:56.991,1,0,1,0,1136345,1136339,22.600000381469727,1137773,,,,,
	2026-02-12 14:21:57.990,1,0,1,0,1136347,1136341,22.600000381469727,1137775,,,,,
	2026-02-12 14:21:58.989,1,0,1,0,1136349,1136343,22.600000381469727,1137777,,,,,
	2026-02-12 14:21:59.991,1,0,1,0,1136352,1136346,22.600000381469727,1137780,,,,,
	2026-02-12 14:22:00.989,1,0,1,0,1136353,1136347,22.600000381469727,1137781,,,,,
	2026-02-12 14:22:01.992,1,0,1,0,1136355,1136349,22.600000381469727,1137783,,,,,
	2026-02-12 14:22:02.990,1,0,1,0,1136357,1136351,22.600000381469727,1137785,,,,,
	2026-02-12 14:22:03.991,1,0,1,0,1136358,1136352,22.600000381469727,1137786,,,,,
	2026-02-12 14:22:04.992,1,0,1,0,1136361,1136355,22.600000381469727,1137789,,,,,
	2026-02-12 14:22:05.992,1,0,1,0,1136363,1136357,22.600000381469727,1137791,,,,,
	2026-02-12 14:22:06.990,1,0,1,0,1136365,1136359,22.600000381469727,1137793,,,,,
	2026-02-12 14:22:07.992,1,0,1,0,1136366,1136360,22.600000381469727,1137794,,,,,
	2026-02-12 14:22:08.992,1,0,1,0,1136369,1136363,22.600000381469727,1137797,,,,,
	2026-02-12 14:22:09.991,1,0,1,0,1136371,1136365,22.600000381469727,1137799,,,,,
	2026-02-12 14:22:10.990,1,0,1,0,1136373,1136367,22.600000381469727,1137801,,,,,
	2026-02-12 14:22:11.991,1,0,1,0,1136374,1136368,22.600000381469727,1137802,,,,,
	2026-02-12 14:22:12.989,1,0,1,0,1136376,1136370,22.600000381469727,1137804,,,,,
	2026-02-12 14:22:13.991,1,0,1,0,1136379,1136373,22.600000381469727,1137807,,,,,
	2026-02-12 14:22:14.991,1,0,1,0,1136380,1136374,22.600000381469727,1137808,,,,,
	2026-02-12 14:22:15.990,1,0,1,0,1136382,1136376,22.600000381469727,1137810,,,,,
	2026-02-12 14:22:16.992,1,0,1,0,1136383,1136377,22.600000381469727,1137811,,,,,
	2026-02-12 14:22:17.992,1,0,1,0,1136385,1136379,22.600000381469727,1137813,,,,,
	2026-02-12 14:22:18.990,1,0,1,0,1136388,1136382,22.600000381469727,1137816,,,,,
	2026-02-12 14:22:19.991,1,0,1,0,1136390,1136384,22.600000381469727,1137818,,,,,
	2026-02-12 14:22:20.990,1,0,1,0,1136391,1136385,22.600000381469727,1137819,,,,,
	2026-02-12 14:22:21.991,1,0,1,0,1136393,1136387,22.600000381469727,1137821,,,,,
	2026-02-12 14:22:22.992,1,0,1,0,1136395,1136389,22.600000381469727,1137823,,,,,
	2026-02-12 14:22:23.989,1,0,1,0,1136398,1136392,22.600000381469727,1137826,,,,,
	2026-02-12 14:22:24.989,1,0,1,0,1136399,1136393,22.600000381469727,1137827,,,,,
	2026-02-12 14:22:25.991,1,0,1,0,1136401,1136395,22.600000381469727,1137829,,,,,
	2026-02-12 14:22:26.989,1,0,1,0,1136402,1136396,22.600000381469727,1137830,,,,,
	2026-02-12 14:22:27.989,1,0,1,0,1136405,1136399,22.600000381469727,1137833,,,,,
	2026-02-12 14:22:28.992,1,0,1,0,1136407,1136401,22.600000381469727,1137835,,,,,
	2026-02-12 14:22:29.991,1,0,1,0,1136408,1136402,22.600000381469727,1137836,,,,,
	2026-02-12 14:22:30.990,1,0,1,0,1136410,1136404,22.600000381469727,1137838,,,,,
	2026-02-12 14:22:31.989,1,0,1,0,1136412,1136406,22.600000381469727,1137840,,,,,
	2026-02-12 14:22:32.989,1,0,1,0,1136415,1136409,22.600000381469727,1137843,,,,,
	2026-02-12 14:22:33.990,1,0,1,0,1136416,1136410,22.600000381469727,1137844,,,,,
	2026-02-12 14:22:34.991,1,0,1,0,1136418,1136412,22.600000381469727,1137846,,,,,
	2026-02-12 14:22:35.990,1,0,1,0,1136420,1136414,22.600000381469727,1137848,,,,,
	2026-02-12 14:22:36.991,1,0,1,0,1136421,1136415,22.600000381469727,1137849,,,,,
	2026-02-12 14:22:37.989,1,0,1,0,1136424,1136418,22.600000381469727,1137852,,,,,
	2026-02-12 14:22:38.990,1,0,1,0,1136426,1136420,22.600000381469727,1137854,,,,,
	2026-02-12 14:22:39.989,1,0,1,0,1136427,1136421,22.600000381469727,1137855,,,,,
	2026-02-12 14:22:41.000,1,0,1,0,1136429,1136423,22.600000381469727,1137857,,,,,
	2026-02-12 14:22:41.989,1,0,1,0,1136432,1136426,22.600000381469727,1137860,,,,,
	2026-02-12 14:22:42.989,1,0,1,0,1136433,1136427,22.600000381469727,1137861,,,,,
	2026-02-12 14:22:43.992,1,0,1,0,1136435,1136429,22.600000381469727,1137863,,,,,
	2026-02-12 14:22:44.993,1,0,1,0,1136437,1136431,22.600000381469727,1137865,,,,,
	2026-02-12 14:22:45.990,1,0,1,0,1136438,1136432,22.600000381469727,1137866,,,,,
	2026-02-12 14:22:46.989,1,0,1,0,1136442,1136436,22.600000381469727,1137870,,,,,
	2026-02-12 14:22:47.990,1,0,1,0,1136443,1136437,22.600000381469727,1137871,,,,,
	2026-02-12 14:22:48.990,1,0,1,0,1136445,1136439,22.600000381469727,1137873,,,,,
	2026-02-12 14:22:49.992,1,0,1,0,1136446,1136440,22.600000381469727,1137874,,,,,
	2026-02-12 14:22:50.990,1,0,1,0,1136448,1136442,22.600000381469727,1137876,,,,,
	2026-02-12 14:22:51.990,1,0,1,0,1136451,1136445,22.600000381469727,1137879,,,,,
	2026-02-12 14:22:52.992,1,0,1,0,1136453,1136447,22.600000381469727,1137881,,,,,
	2026-02-12 14:22:53.992,1,0,1,0,1136454,1136448,22.600000381469727,1137882,,,,,
	2026-02-12 14:22:54.990,1,0,1,0,1136456,1136450,22.600000381469727,1137884,,,,,
	2026-02-12 14:22:55.991,1,0,1,0,1136458,1136452,22.600000381469727,1137886,,,,,
	2026-02-12 14:22:56.992,1,0,1,0,1136461,1136455,22.600000381469727,1137889,,,,,
	2026-02-12 14:22:57.989,1,0,1,0,1136462,1136456,22.600000381469727,1137890,,,,,
	2026-02-12 14:22:58.991,1,0,1,0,1136464,1136458,22.600000381469727,1137892,,,,,
	2026-02-12 14:22:59.989,1,0,1,0,1136466,1136460,22.600000381469727,1137894,,,,,
	2026-02-12 14:23:00.990,1,0,1,0,1136467,1136461,22.600000381469727,1137895,,,,,
	2026-02-12 14:23:01.991,1,0,1,0,1136471,1136465,22.600000381469727,1137899,,,,,
	2026-02-12 14:23:02.990,1,0,1,0,1136472,1136466,22.600000381469727,1137900,,,,,
	2026-02-12 14:23:03.990,1,0,1,0,1136474,1136468,22.600000381469727,1137902,,,,,
	2026-02-12 14:23:04.991,1,0,1,0,1136475,1136469,22.600000381469727,1137903,,,,,
	2026-02-12 14:23:05.990,1,0,1,0,1136477,1136471,22.600000381469727,1137905,,,,,
	2026-02-12 14:23:06.990,1,0,1,0,1136480,1136474,22.600000381469727,1137908,,,,,
	2026-02-12 14:23:07.992,1,0,1,0,1136482,1136476,22.600000381469727,1137910,,,,,
	2026-02-12 14:23:08.989,1,0,1,0,1136483,1136477,22.600000381469727,1137911,,,,,
	2026-02-12 14:23:09.990,1,0,1,0,1136485,1136479,22.600000381469727,1137913,,,,,
	2026-02-12 14:23:10.991,1,0,1,0,1136486,1136480,22.600000381469727,1137914,,,,,
	2026-02-12 14:23:11.989,1,0,1,0,1136489,1136483,22.600000381469727,1137917,,,,,
	2026-02-12 14:23:12.989,1,0,1,0,1136491,1136485,22.600000381469727,1137919,,,,,
	2026-02-12 14:23:13.990,1,0,1,0,1136493,1136487,22.600000381469727,1137921,,,,,
	2026-02-12 14:23:14.990,1,0,1,0,1136494,1136488,22.600000381469727,1137922,,,,,
	2026-02-12 14:23:15.989,1,0,1,0,1136496,1136490,22.600000381469727,1137924,,,,,
	2026-02-12 14:23:16.992,1,0,1,0,1136499,1136493,22.600000381469727,1137927,,,,,
	2026-02-12 14:23:17.991,1,0,1,0,1136500,1136494,22.600000381469727,1137928,,,,,
	2026-02-12 14:23:18.990,1,0,1,0,1136502,1136496,22.600000381469727,1137930,,,,,
	2026-02-12 14:23:19.993,1,0,1,0,1136504,1136498,22.600000381469727,1137932,,,,,
	2026-02-12 14:23:20.990,1,0,1,0,1136507,1136501,22.600000381469727,1137935,,,,,
	2026-02-12 14:23:21.990,1,0,1,0,1136508,1136502,22.600000381469727,1137936,,,,,
	2026-02-12 14:23:22.991,1,0,1,0,1136510,1136504,22.600000381469727,1137938,,,,,
	2026-02-12 14:23:23.992,1,0,1,0,1136511,1136505,22.600000381469727,1137939,,,,,
	2026-02-12 14:23:24.990,1,0,1,0,1136513,1136507,22.600000381469727,1137941,,,,,
	2026-02-12 14:23:25.989,1,0,1,0,1136516,1136510,22.600000381469727,1137944,,,,,
	2026-02-12 14:23:26.989,1,0,1,0,1136518,1136512,22.600000381469727,1137946,,,,,
	2026-02-12 14:23:27.991,1,0,1,0,1136519,1136513,22.600000381469727,1137947,,,,,
	2026-02-12 14:23:28.989,1,0,1,0,1136521,1136515,22.600000381469727,1137949,,,,,
	2026-02-12 14:23:29.990,1,0,1,0,1136524,1136518,22.600000381469727,1137952,,,,,
	2026-02-12 14:23:30.990,1,0,1,0,1136525,1136519,22.600000381469727,1137953,,,,,
	2026-02-12 14:23:31.989,1,0,1,0,1136527,1136521,22.600000381469727,1137955,,,,,
	2026-02-12 14:23:32.989,1,0,1,0,1136529,1136523,22.600000381469727,1137957,,,,,
	2026-02-12 14:23:33.990,1,0,1,0,1136530,1136524,22.600000381469727,1137958,,,,,
	2026-02-12 14:23:34.991,1,0,1,0,1136533,1136527,22.600000381469727,1137961,,,,,
	2026-02-12 14:23:35.990,1,0,1,0,1136535,1136529,22.600000381469727,1137963,,,,,
	2026-02-12 14:23:36.991,1,0,1,0,1136536,1136530,22.600000381469727,1137964,,,,,
	2026-02-12 14:23:37.994,1,0,1,0,1136538,1136532,22.600000381469727,1137966,,,,,
	2026-02-12 14:23:38.992,1,0,1,0,1136541,1136535,22.600000381469727,1137969,,,,,
	2026-02-12 14:23:39.991,1,0,1,0,1136543,1136537,22.600000381469727,1137971,,,,,
	2026-02-12 14:23:41.142,1,0,1,0,1136544,1136538,22.600000381469727,1137972,,,,,
	2026-02-12 14:23:41.989,1,0,1,0,1136546,1136540,22.600000381469727,1137974,,,,,
	2026-02-12 14:23:42.991,1,0,1,0,1136548,1136542,22.600000381469727,1137976,,,,,
	2026-02-12 14:23:43.991,1,0,1,0,1136551,1136545,22.600000381469727,1137979,,,,,
	2026-02-12 14:23:44.992,1,0,1,0,1136552,1136546,22.600000381469727,1137980,,,,,
	2026-02-12 14:23:45.991,1,0,1,0,1136554,1136548,22.600000381469727,1137982,,,,,
	2026-02-12 14:23:46.989,1,0,1,0,1136556,1136550,22.600000381469727,1137984,,,,,
	2026-02-12 14:23:47.990,1,0,1,0,1136557,1136551,22.600000381469727,1137985,,,,,
	2026-02-12 14:23:48.992,1,0,1,0,1136559,1136553,22.600000381469727,1137987,,,,,
	2026-02-12 14:23:49.990,1,0,1,0,1136562,1136556,22.600000381469727,1137990,,,,,
	2026-02-12 14:23:50.989,1,0,1,0,1136564,1136558,22.600000381469727,1137992,,,,,
	2026-02-12 14:23:51.989,1,0,1,0,1136565,1136559,22.600000381469727,1137993,,,,,
	2026-02-12 14:23:52.992,1,0,1,0,1136567,1136561,22.600000381469727,1137995,,,,,
	2026-02-12 14:23:53.991,1,0,1,0,1136568,1136562,22.600000381469727,1137996,,,,,
	2026-02-12 14:23:54.990,1,0,1,0,1136571,1136565,22.600000381469727,1137999,,,,,
	2026-02-12 14:23:55.992,1,0,1,0,1136573,1136567,22.600000381469727,1138001,,,,,
	2026-02-12 14:23:57.018,1,0,1,0,1136574,1136568,22.600000381469727,1138002,,,,,
	2026-02-12 14:23:57.989,1,0,1,0,1136576,1136570,22.600000381469727,1138004,,,,,
	2026-02-12 14:23:58.991,1,0,1,0,1136579,1136573,22.600000381469727,1138007,,,,,
	2026-02-12 14:23:59.991,1,0,1,0,1136581,1136575,22.600000381469727,1138009,,,,,
	2026-02-12 14:24:00.989,1,0,1,0,1136582,1136576,22.600000381469727,1138010,,,,,
	2026-02-12 14:24:01.992,1,0,1,0,1136584,1136578,22.600000381469727,1138012,,,,,
	2026-02-12 14:24:02.991,1,0,1,0,1136587,1136581,22.600000381469727,1138015,,,,,
	2026-02-12 14:24:03.990,1,0,1,0,1136588,1136582,22.600000381469727,1138016,,,,,
	2026-02-12 14:24:04.991,1,0,1,0,1136590,1136584,22.600000381469727,1138018,,,,,
	2026-02-12 14:24:05.991,1,0,1,0,1136591,1136585,22.600000381469727,1138019,,,,,
	2026-02-12 14:24:06.989,1,0,1,0,1136593,1136587,22.600000381469727,1138021,,,,,
	2026-02-12 14:24:07.992,1,0,1,0,1136596,1136590,22.600000381469727,1138024,,,,,
	2026-02-12 14:24:08.991,1,0,1,0,1136598,1136592,22.600000381469727,1138026,,,,,
	2026-02-12 14:24:09.991,1,0,1,0,1136599,1136593,22.600000381469727,1138027,,,,,
	2026-02-12 14:24:10.991,1,0,1,0,1136601,1136595,22.600000381469727,1138029,1085,,,,
	2026-02-12 14:24:11.991,1,0,1,0,1136602,1136596,22.600000381469727,1138030,1088,,,,
	2026-02-12 14:24:12.989,1,0,1,0,1136606,1136600,22.600000381469727,1138034,1090,,,,
	2026-02-12 14:24:13.991,1,0,1,0,1136607,1136601,22.600000381469727,1138035,1090,1085,,,
	2026-02-12 14:24:14.991,1,0,1,0,1136609,1136603,22.600000381469727,1138037,1093,1088,,,
	2026-02-12 14:24:15.989,1,0,1,0,1136610,1136604,22.600000381469727,1138038,1096,1091,1085,,
	2026-02-12 14:24:16.995,1,0,1,0,1136613,1136607,22.600000381469727,1138041,1096,1091,1085,,
	2026-02-12 14:24:17.991,1,0,1,0,1136615,1136609,22.600000381469727,1138043,1099,1094,1088,1084,
	2026-02-12 14:24:18.990,1,0,1,0,1136617,1136611,22.600000381469727,1138045,1102,1097,1091,1087,
	2026-02-12 14:24:19.989,1,0,1,0,1136618,1136612,22.600000381469727,1138046,1102,1097,1091,1087,
	2026-02-12 14:24:20.991,1,0,1,0,1136620,1136614,22.600000381469727,1138048,1105,1100,1094,1090,1085
	2026-02-12 14:24:21.992,1,0,1,0,1136623,1136617,22.600000381469727,1138051,1108,1103,1097,1093,1088
	2026-02-12 14:24:23.118,1,0,1,0,1136625,1136619,22.600000381469727,1138053,1108,1103,1097,1093,1088
	2026-02-12 14:24:23.992,1,0,1,0,1136626,1136620,22.600000381469727,1138054,1111,1106,1100,1096,1091
	2026-02-12 14:24:24.991,1,0,1,0,1136628,1136622,22.600000381469727,1138056,1114,1109,1103,1099,1094
	2026-02-12 14:24:26.216,1,0,1,0,1136631,1136625,22.600000381469727,1138059,1114,1109,1103,1099,1094
	2026-02-12 14:24:26.991,1,0,1,0,1136632,1136626,22.600000381469727,1138060,1117,1112,1106,1102,1097
	2026-02-12 14:24:27.991,1,0,1,0,1136634,1136628,22.600000381469727,1138062,1120,1115,1109,1105,1100
	2026-02-12 14:24:29.346,1,0,1,0,1136635,1136629,22.600000381469727,1138063,1123,1118,1112,1108,1103
	2026-02-12 14:24:30.629,1,0,1,0,1136639,1136633,22.600000381469727,1138067,1123,1118,1112,1108,1103
	2026-02-12 14:24:30.990,1,0,1,0,1136639,1136633,22.600000381469727,1138067,1126,1121,1115,1111,1106
	2026-02-12 14:24:32.280,1,0,1,0,1136642,1136636,22.600000381469727,1138070,1126,1121,1115,1111,1106
	2026-02-12 14:24:32.992,1,0,1,0,1136643,1136637,22.600000381469727,1138071,1129,1124,1118,1114,1109
	2026-02-12 14:24:33.991,1,0,1,0,1136645,1136639,22.600000381469727,1138073,1132,1127,1121,1117,1112
	2026-02-12 14:24:34.990,1,0,1,0,1136646,1136640,22.600000381469727,1138074,1132,1127,1121,1117,1112
	2026-02-12 14:24:35.991,1,0,1,0,1136648,1136642,22.600000381469727,1138076,1135,1130,1124,1120,1115
	2026-02-12 14:24:36.990,1,0,1,0,1136651,1136645,22.600000381469727,1138079,1138,1133,1127,1123,1118
	2026-02-12 14:24:37.991,1,0,1,0,1136653,1136647,22.600000381469727,1138081,1138,1133,1127,1123,1118
	2026-02-12 14:24:38.991,1,0,1,0,1136654,1136648,22.600000381469727,1138082,1141,1136,1130,1126,1121
	2026-02-12 14:24:39.989,1,0,1,0,1136656,1136650,22.600000381469727,1138084,1144,1139,1133,1129,1124
	2026-02-12 14:24:40.991,1,0,1,0,1136659,1136653,22.600000381469727,1138087,1144,1139,1133,1129,1124
	2026-02-12 14:24:41.992,1,0,1,0,1136661,1136655,22.600000381469727,1138089,1146,1141,1135,1131,1126
	2026-02-12 14:24:42.991,1,0,1,0,1136662,1136656,22.600000381469727,1138090,1149,1144,1138,1134,1129
	2026-02-12 14:24:43.991,1,0,1,0,1136664,1136658,22.600000381469727,1138092,1149,1144,1138,1134,1129
	2026-02-12 14:24:44.993,1,0,1,0,1136665,1136659,22.600000381469727,1138093,1152,1147,1141,1137,1132
	2026-02-12 14:24:45.989,1,0,1,0,1136668,1136662,22.600000381469727,1138096,1155,1150,1144,1140,1135
